# Utah Teapot Model
# Version: 2026 - Cem Yuksel
# Triangle Mesh Resolution: 3 (1250 faces)
o Utah Teapot

v -2.337037 2.233333 0
v -2.301828 2.17716 -0.2
v -2.236443 2.072839 -0.2
v -2.201234 2.016666 0
v -2.84074 2.116667 0
v -2.773205 2.075617 -0.2
v -2.647783 1.999383 -0.2
v -2.580247 1.958333 0
v -3 1.8 0
v -2.922222 1.8 -0.2
v -2.777778 1.8 -0.2
v -2.7 1.8 0
v -1.629803 2.247415 0
v -1.597604 2.190326 -0.2
v -1.697555 2.081377 -0.2
v -1.816837 2.022012 0
v -1.536884 2.314533 0
v -1.507437 2.218331 -0.2648414
v -1.605203 1.991453 -0.2653874
v -1.718703 1.893229 0
v -2.337037 2.233333 0
v -2.301828 2.17716 0.2
v -2.236443 2.072839 0.2
v -2.201234 2.016666 0
v -2.84074 2.116667 0
v -2.773205 2.075617 0.2
v -2.647783 1.999383 0.2
v -2.580247 1.958333 0
v -3 1.8 0
v -2.922222 1.8 0.2
v -2.777778 1.8 0.2
v -2.7 1.8 0
v -1.629803 2.247415 0
v -1.597604 2.190326 0.2
v -1.697555 2.081377 0.2
v -1.816837 2.022012 0
v -1.536884 2.314533 0
v -1.507437 2.218331 0.2648414
v -1.605203 1.991453 0.2653874
v -1.718703 1.893229 0
v -3 1.8 0
v -2.922222 1.8 -0.2
v -2.777778 1.8 -0.2
v -2.7 1.8 0
v -2.874074 1.363889 0
v -2.808138 1.403498 -0.2
v -2.685688 1.477057 -0.2
v -2.619753 1.516667 0
v -2.514815 0.9611111 0
v -2.484728 1.018724 -0.2
v -2.428852 1.12572 -0.2
v -2.398765 1.183333 0
v -2.129622 0.9921001 0
v -2.058923 0.8788468 -0.2
v -2.056161 0.8667687 -0.2
v -1.898123 0.6608142 -0.2
v -1.929069 0.6170738 0
v -1.969111 1.060728 0
v -1.925589 0.9199163 -0.2634191
v -1.929285 0.9 -0.263912
v -1.846655 0.6356112 -0.2659584
v -1.890801 0.551342 0
v -3 1.8 0
v -2.922222 1.8 0.2
v -2.777778 1.8 0.2
v -2.7 1.8 0
v -2.874074 1.363889 0
v -2.808138 1.403498 0.2
v -2.685688 1.477057 0.2
v -2.619753 1.516667 0
v -2.514815 0.9611111 0
v -2.484728 1.018724 0.2
v -2.428852 1.12572 0.2
v -2.398765 1.183333 0
v -2.129622 0.9921001 0
v -2.058923 0.8788468 0.2
v -2.056161 0.8667687 0.2
v -1.898123 0.6608142 0.2
v -1.929069 0.6170738 0
v -1.969111 1.060728 0
v -1.925589 0.9199163 0.2634191
v -1.929285 0.9 0.263912
v -1.846655 0.6356112 0.2659584
v -1.890801 0.551342 0
v 2.8 2.4 0
v 2.903703 2.4 -0.1
v 3.096296 2.4 -0.1
v 3.2 2.4 0
v 2.847564 2.444882 0
v 2.989081 2.449203 -0.1158254
v 3.252793 2.456701 -0.1163194
v 3.394943 2.460574 0
v 2.795133 2.448095 0
v 2.962821 2.44962 -0.1544922
v 3.272782 2.452354 -0.1547392
v 3.439235 2.453906 0
v 2.7 2.4 0
v 2.855555 2.4 -0.1666667
v 3.144444 2.4 -0.1666667
v 3.3 2.4 0
v 2.8 2.4 0
v 2.903703 2.4 0.1
v 3.096296 2.4 0.1
v 3.2 2.4 0
v 2.847564 2.444882 0
v 2.989081 2.449203 0.1158254
v 3.252793 2.456701 0.1163194
v 3.394943 2.460574 0
v 2.795133 2.448095 0
v 2.962821 2.44962 0.1544922
v 3.272782 2.452354 0.1547392
v 3.439235 2.453906 0
v 2.7 2.4 0
v 2.855555 2.4 0.1666667
v 3.144444 2.4 0.1666667
v 3.3 2.4 0
v 2.7 2.4 0
v 2.855555 2.4 -0.1666667
v 3.144444 2.4 -0.1666667
v 3.3 2.4 0
v 2.464125 2.013017 0
v 2.547092 1.964892 -0.2297458
v 2.703721 1.875299 -0.2297458
v 2.78876 1.82684 0
v 2.270951 1.610675 0
v 2.338361 1.475347 -0.3652433
v 2.464824 1.223915 -0.3652433
v 2.533269 1.08842 0
v 1.97372 1.514015 0
v 1.913481 1.326536 -0.3567803
v 1.897989 1.293064 -0.4168141
v 1.941864 0.9435532 -0.4163594
v 1.973547 0.9159799 -0.3211451
v 2.024337 0.7901101 0
v 1.83777 1.568586 8.03315e-8
v 1.795846 1.371118 -0.4240087
v 1.783887 1.339469 -0.4913402
v 1.859118 0.9346508 -0.5009252
v 1.895291 0.9 -0.3907778
v 1.951957 0.7579522 0
v 2.7 2.4 0
v 2.855555 2.4 0.1666667
v 3.144444 2.4 0.1666667
v 3.3 2.4 0
v 2.464125 2.013017 0
v 2.547092 1.964892 0.2297458
v 2.703721 1.875299 0.2297458
v 2.78876 1.82684 0
v 2.270951 1.610675 0
v 2.338361 1.475347 0.3652433
v 2.464824 1.223915 0.3652433
v 2.533269 1.08842 0
v 1.97372 1.514015 0
v 1.913481 1.326536 0.3567803
v 1.897989 1.293064 0.4168141
v 1.941864 0.9435532 0.4163594
v 1.973547 0.9159799 0.3211451
v 2.024337 0.7901101 0
v 1.83777 1.568586 -8.03315e-8
v 1.795846 1.371118 0.4240087
v 1.783887 1.339469 0.4913402
v 1.859118 0.9346508 0.5009252
v 1.895291 0.9 0.3907778
v 1.951957 0.7579522 0
v 0 3.15 0
v 0 3.15 0
v 0 3.15 0
v -0.3592592 3.063889 0
v -0.3111276 3.063889 -0.1796296
v -0.1796296 3.063889 -0.3111276
v 1.570372e-8 3.063889 -0.3592592
v -0.2296296 2.877778 0
v -0.1988651 2.877778 -0.1148148
v -0.1148148 2.877778 -0.1988651
v 1.003743e-8 2.877778 -0.2296296
v -0.2 2.7 0
v -0.1732051 2.7 -0.1
v -0.09999999 2.7 -0.1732051
v 8.742278e-9 2.7 -0.2
v 0 3.15 0
v 0 3.15 0
v 0 3.15 0
v 0 3.063889 -0.3592592
v 0.1796296 3.063889 -0.3111276
v 0.3111276 3.063889 -0.1796296
v 0.3592592 3.063889 1.570372e-8
v 0 2.877778 -0.2296296
v 0.1148148 2.877778 -0.1988651
v 0.1988651 2.877778 -0.1148148
v 0.2296296 2.877778 1.003743e-8
v 0 2.7 -0.2
v 0.1 2.7 -0.1732051
v 0.1732051 2.7 -0.09999999
v 0.2 2.7 8.742278e-9
v 0 3.15 0
v 0 3.15 0
v 0 3.15 0
v 0 3.063889 0.3592592
v 0.1796296 3.063889 0.3111276
v 0.3111276 3.063889 0.1796296
v 0.3592592 3.063889 -1.570372e-8
v 0 2.877778 0.2296296
v 0.1148148 2.877778 0.1988651
v 0.1988651 2.877778 0.1148148
v 0.2296296 2.877778 -1.003743e-8
v 0 2.7 0.2
v 0.1 2.7 0.1732051
v 0.1732051 2.7 0.09999999
v 0.2 2.7 -8.742278e-9
v 0 3.15 0
v 0 3.15 0
v 0 3.15 0
v -0.3592592 3.063889 0
v -0.3111276 3.063889 0.1796296
v -0.1796296 3.063889 0.3111276
v 1.570372e-8 3.063889 0.3592592
v -0.2296296 2.877778 0
v -0.1988651 2.877778 0.1148148
v -0.1148148 2.877778 0.1988651
v 1.003743e-8 2.877778 0.2296296
v -0.2 2.7 0
v -0.1732051 2.7 0.1
v -0.09999999 2.7 0.1732051
v 8.742278e-9 2.7 0.2
v -0.2 2.7 0
v -0.1732051 2.7 -0.1
v -0.09999999 2.7 -0.1732051
v 8.742278e-9 2.7 -0.2
v -0.5814815 2.594444 0
v -0.5035777 2.594444 -0.2907408
v -0.2907407 2.594444 -0.5035777
v 2.541736e-8 2.594444 -0.5814815
v -1.062963 2.513889 0
v -0.920553 2.513889 -0.5314815
v -0.5314815 2.513889 -0.9205531
v 4.646359e-8 2.513889 -1.062963
v -1.3 2.4 0
v -1.125833 2.4 -0.65
v -0.6499999 2.4 -1.125833
v 5.68248e-8 2.4 -1.3
v 0 2.7 -0.2
v 0.1 2.7 -0.1732051
v 0.1732051 2.7 -0.09999999
v 0.2 2.7 8.742278e-9
v 0 2.594444 -0.5814815
v 0.2907408 2.594444 -0.5035777
v 0.5035777 2.594444 -0.2907407
v 0.5814815 2.594444 2.541736e-8
v 0 2.513889 -1.062963
v 0.5314815 2.513889 -0.920553
v 0.9205531 2.513889 -0.5314815
v 1.062963 2.513889 4.646359e-8
v 0 2.4 -1.3
v 0.65 2.4 -1.125833
v 1.125833 2.4 -0.6499999
v 1.3 2.4 5.68248e-8
v 0 2.7 0.2
v 0.1 2.7 0.1732051
v 0.1732051 2.7 0.09999999
v 0.2 2.7 -8.742278e-9
v 0 2.594444 0.5814815
v 0.2907408 2.594444 0.5035777
v 0.5035777 2.594444 0.2907407
v 0.5814815 2.594444 -2.541736e-8
v 0 2.513889 1.062963
v 0.5314815 2.513889 0.920553
v 0.9205531 2.513889 0.5314815
v 1.062963 2.513889 -4.646359e-8
v 0 2.4 1.3
v 0.65 2.4 1.125833
v 1.125833 2.4 0.6499999
v 1.3 2.4 -5.68248e-8
v -0.2 2.7 0
v -0.1732051 2.7 0.1
v -0.09999999 2.7 0.1732051
v 8.742278e-9 2.7 0.2
v -0.5814815 2.594444 0
v -0.5035777 2.594444 0.2907408
v -0.2907407 2.594444 0.5035777
v 2.541736e-8 2.594444 0.5814815
v -1.062963 2.513889 0
v -0.920553 2.513889 0.5314815
v -0.5314815 2.513889 0.9205531
v 4.646359e-8 2.513889 1.062963
v -1.3 2.4 0
v -1.125833 2.4 0.65
v -0.6499999 2.4 1.125833
v 5.68248e-8 2.4 1.3
v -1.4 2.4 0
v -1.212435 2.4 -0.7
v -0.6999999 2.4 -1.212436
v 6.119594e-8 2.4 -1.4
v -1.388381 2.488604 0
v -1.202373 2.488604 -0.6941906
v -0.6941905 2.488604 -1.202373
v 6.068806e-8 2.488604 -1.388381
v -1.440652 2.489708 0
v -1.247641 2.489708 -0.7203258
v -0.7203256 2.489708 -1.247641
v 6.297288e-8 2.489708 -1.440652
v -1.5 2.4 0
v -1.299038 2.4 -0.75
v -0.7499999 2.4 -1.299038
v 6.556708e-8 2.4 -1.5
v 0 2.4 -1.4
v 0.7 2.4 -1.212435
v 1.212436 2.4 -0.6999999
v 1.4 2.4 6.119594e-8
v 0 2.488604 -1.388381
v 0.6941906 2.488604 -1.202373
v 1.202373 2.488604 -0.6941905
v 1.388381 2.488604 6.068806e-8
v 0 2.489708 -1.440652
v 0.7203258 2.489708 -1.247641
v 1.247641 2.489708 -0.7203256
v 1.440652 2.489708 6.297288e-8
v 0 2.4 -1.5
v 0.75 2.4 -1.299038
v 1.299038 2.4 -0.7499999
v 1.5 2.4 6.556708e-8
v 0 2.4 1.4
v 0.7 2.4 1.212435
v 1.212436 2.4 0.6999999
v 1.4 2.4 -6.119594e-8
v 0 2.488604 1.388381
v 0.6941906 2.488604 1.202373
v 1.202373 2.488604 0.6941905
v 1.388381 2.488604 -6.068806e-8
v 0 2.489708 1.440652
v 0.7203258 2.489708 1.247641
v 1.247641 2.489708 0.7203256
v 1.440652 2.489708 -6.297288e-8
v 0 2.4 1.5
v 0.75 2.4 1.299038
v 1.299038 2.4 0.7499999
v 1.5 2.4 -6.556708e-8
v -1.4 2.4 0
v -1.212435 2.4 0.7
v -0.6999999 2.4 1.212436
v 6.119594e-8 2.4 1.4
v -1.388381 2.488604 0
v -1.202373 2.488604 0.6941906
v -0.6941905 2.488604 1.202373
v 6.068806e-8 2.488604 1.388381
v -1.440652 2.489708 0
v -1.247641 2.489708 0.7203258
v -0.7203256 2.489708 1.247641
v 6.297288e-8 2.489708 1.440652
v -1.5 2.4 0
v -1.299038 2.4 0.75
v -0.7499999 2.4 1.299038
v 6.556708e-8 2.4 1.5
v -1.5 2.4 0
v -1.299038 2.4 -0.75
v -0.7499999 2.4 -1.299038
v 6.556708e-8 2.4 -1.5
v -1.726324 1.87557 0
v -1.49504 1.87557 -0.8631618
v -0.8631617 1.87557 -1.49504
v 7.546001e-8 1.87557 -1.726324
v -1.909458 1.371118 0
v -1.653639 1.371118 -0.9547292
v -0.9547291 1.371118 -1.653639
v 8.346508e-8 1.371118 -1.909458
v -1.732051 0.9 -1
v -0.9999999 0.9 -1.732051
v 8.742278e-8 0.9 -2
v -1.536884 2.314533 0
v -1.507437 2.218331 -0.2648414
v -1.605203 1.991453 -0.2653874
v -1.718703 1.893229 0
v -1.969111 1.060728 0
v -1.925589 0.9199163 -0.2634191
v -1.929285 0.9 -0.263912
v 0 2.4 -1.5
v 0.75 2.4 -1.299038
v 1.299038 2.4 -0.7499999
v 1.5 2.4 6.556708e-8
v 0 1.87557 -1.726324
v 0.8631618 1.87557 -1.49504
v 1.49504 1.87557 -0.8631617
v 1.726324 1.87557 7.546001e-8
v 0 1.371118 -1.909458
v 0.9547292 1.371118 -1.653639
v 1.653639 1.371118 -0.9547291
v 0 0.9 -2
v 1 0.9 -1.732051
v 1.732051 0.9 -0.9999999
v 1.83777 1.568586 8.03315e-8
v 1.795846 1.371118 -0.4240087
v 1.783887 1.339469 -0.4913402
v 1.859118 0.9346508 -0.5009252
v 1.895291 0.9 -0.3907778
v 0 2.4 1.5
v 0.75 2.4 1.299038
v 1.299038 2.4 0.7499999
v 1.5 2.4 -6.556708e-8
v 0 1.87557 1.726324
v 0.8631618 1.87557 1.49504
v 1.49504 1.87557 0.8631617
v 1.726324 1.87557 -7.546001e-8
v 0 1.371118 1.909458
v 0.9547292 1.371118 1.653639
v 1.653639 1.371118 0.9547291
v 0 0.9 2
v 1 0.9 1.732051
v 1.732051 0.9 0.9999999
v 1.83777 1.568586 -8.03315e-8
v 1.795846 1.371118 0.4240087
v 1.783887 1.339469 0.4913402
v 1.859118 0.9346508 0.5009252
v 1.895291 0.9 0.3907778
v -1.5 2.4 0
v -1.299038 2.4 0.75
v -0.7499999 2.4 1.299038
v 6.556708e-8 2.4 1.5
v -1.726324 1.87557 0
v -1.49504 1.87557 0.8631618
v -0.8631617 1.87557 1.49504
v 7.546001e-8 1.87557 1.726324
v -1.909458 1.371118 0
v -1.653639 1.371118 0.9547292
v -0.9547291 1.371118 1.653639
v 8.346508e-8 1.371118 1.909458
v -1.732051 0.9 1
v -0.9999999 0.9 1.732051
v 8.742278e-8 0.9 2
v -1.536884 2.314533 0
v -1.507437 2.218331 0.2648414
v -1.605203 1.991453 0.2653874
v -1.718703 1.893229 0
v -1.969111 1.060728 0
v -1.925589 0.9199163 0.2634191
v -1.929285 0.9 0.263912
v -1.732051 0.9 -1
v -0.9999999 0.9 -1.732051
v 8.742278e-8 0.9 -2
v -1.882716 0.5222221 0
v -1.630479 0.5222221 -0.9413579
v -0.9413577 0.5222221 -1.63048
v 8.229612e-8 0.5222221 -1.882716
v -1.635802 0.2777778 0
v -1.416646 0.2777778 -0.8179012
v -0.8179012 0.2777778 -1.416646
v 7.15032e-8 0.2777778 -1.635802
v -1.5 0.15 0
v -1.299038 0.15 -0.75
v -0.7499999 0.15 -1.299038
v 6.556708e-8 0.15 -1.5
v -1.929285 0.9 -0.263912
v -1.846655 0.6356112 -0.2659584
v -1.890801 0.551342 0
v 0 0.9 -2
v 1 0.9 -1.732051
v 1.732051 0.9 -0.9999999
v 0 0.5222221 -1.882716
v 0.9413579 0.5222221 -1.630479
v 1.63048 0.5222221 -0.9413577
v 1.882716 0.5222221 8.229612e-8
v 0 0.2777778 -1.635802
v 0.8179012 0.2777778 -1.416646
v 1.416646 0.2777778 -0.8179012
v 1.635802 0.2777778 7.15032e-8
v 0 0.15 -1.5
v 0.75 0.15 -1.299038
v 1.299038 0.15 -0.7499999
v 1.5 0.15 6.556708e-8
v 1.895291 0.9 -0.3907778
v 1.951957 0.7579522 0
v 0 0.9 2
v 1 0.9 1.732051
v 1.732051 0.9 0.9999999
v 0 0.5222221 1.882716
v 0.9413579 0.5222221 1.630479
v 1.63048 0.5222221 0.9413577
v 1.882716 0.5222221 -8.229612e-8
v 0 0.2777778 1.635802
v 0.8179012 0.2777778 1.416646
v 1.416646 0.2777778 0.8179012
v 1.635802 0.2777778 -7.15032e-8
v 0 0.15 1.5
v 0.75 0.15 1.299038
v 1.299038 0.15 0.7499999
v 1.5 0.15 -6.556708e-8
v 1.895291 0.9 0.3907778
v 1.951957 0.7579522 0
v -1.732051 0.9 1
v -0.9999999 0.9 1.732051
v 8.742278e-8 0.9 2
v -1.882716 0.5222221 0
v -1.630479 0.5222221 0.9413579
v -0.9413577 0.5222221 1.63048
v 8.229612e-8 0.5222221 1.882716
v -1.635802 0.2777778 0
v -1.416646 0.2777778 0.8179012
v -0.8179012 0.2777778 1.416646
v 7.15032e-8 0.2777778 1.635802
v -1.5 0.15 0
v -1.299038 0.15 0.75
v -0.7499999 0.15 1.299038
v 6.556708e-8 0.15 1.5
v -1.929285 0.9 0.263912
v -1.846655 0.6356112 0.2659584
v -1.890801 0.551342 0
v -1.5 0.15 0
v -1.299038 0.15 -0.75
v -0.7499999 0.15 -1.299038
v 6.556708e-8 0.15 -1.5
v -1.427778 0.07777777 0
v -1.236492 0.07777777 -0.7138888
v -0.7138888 0.07777777 -1.236492
v 6.241014e-8 0.07777777 -1.427778
v -1.022222 0.02222222 0
v -0.8852704 0.02222222 -0.5111111
v -0.511111 0.02222222 -0.8852704
v 4.468275e-8 0.02222222 -1.022222
v 0 0 0
v 0 0 0
v 0 0 0
v 0 0.15 -1.5
v 0.75 0.15 -1.299038
v 1.299038 0.15 -0.7499999
v 1.5 0.15 6.556708e-8
v 0 0.07777777 -1.427778
v 0.7138888 0.07777777 -1.236492
v 1.236492 0.07777777 -0.7138888
v 1.427778 0.07777777 6.241014e-8
v 0 0.02222222 -1.022222
v 0.5111111 0.02222222 -0.8852704
v 0.8852704 0.02222222 -0.511111
v 1.022222 0.02222222 4.468275e-8
v 0 0 0
v 0 0 0
v 0 0 0
v 0 0.15 1.5
v 0.75 0.15 1.299038
v 1.299038 0.15 0.7499999
v 1.5 0.15 -6.556708e-8
v 0 0.07777777 1.427778
v 0.7138888 0.07777777 1.236492
v 1.236492 0.07777777 0.7138888
v 1.427778 0.07777777 -6.241014e-8
v 0 0.02222222 1.022222
v 0.5111111 0.02222222 0.8852704
v 0.8852704 0.02222222 0.511111
v 1.022222 0.02222222 -4.468275e-8
v 0 0 0
v 0 0 0
v 0 0 0
v -1.5 0.15 0
v -1.299038 0.15 0.75
v -0.7499999 0.15 1.299038
v 6.556708e-8 0.15 1.5
v -1.427778 0.07777777 0
v -1.236492 0.07777777 0.7138888
v -0.7138888 0.07777777 1.236492
v 6.241014e-8 0.07777777 1.427778
v -1.022222 0.02222222 0
v -0.8852704 0.02222222 0.5111111
v -0.511111 0.02222222 0.8852704
v 4.468275e-8 0.02222222 1.022222
v 0 0 0
v 0 0 0
v 0 0 0
v 2.311105 1.514838 0
v 2.358102 1.425978 -0.2241569
v 2.444301 1.261271 -0.22391
v 2.490464 1.172719 0
v 2.511121 1.964368 0
v 2.570537 1.935018 -0.1478695
v 2.678715 1.881148 -0.1473756
v 2.736462 1.852414 0
v 2.8 2.4 0
v 2.903703 2.4 -0.1
v 3.096296 2.4 -0.1
v 3.2 2.4 0
v 1.909074 1.365294 0
v 1.877147 1.265941 -0.1662897
v 1.849883 1.208931 -0.2549257
v 1.873148 0.9687577 -0.2546737
v 1.890808 0.9526114 -0.20621
v 1.90981 0.8543617 0
v 1.771014 1.419294 7.741347e-8
v 1.762099 1.284304 -0.2132392
v 1.747111 1.215569 -0.3230824
v 1.809045 0.926152 -0.3189374
v 1.830968 0.9 -0.2576299
v 1.851815 0.7680536 0
v 2.311105 1.514838 0
v 2.358102 1.425978 0.2241569
v 2.444301 1.261271 0.22391
v 2.490464 1.172719 0
v 2.511121 1.964368 0
v 2.570537 1.935018 0.1478695
v 2.678715 1.881148 0.1473756
v 2.736462 1.852414 0
v 2.8 2.4 0
v 2.903703 2.4 0.1
v 3.096296 2.4 0.1
v 3.2 2.4 0
v 1.909074 1.365294 0
v 1.877147 1.265941 0.1662897
v 1.849883 1.208931 0.2549257
v 1.873148 0.9687577 0.2546737
v 1.890808 0.9526114 0.20621
v 1.90981 0.8543617 0
v 1.771014 1.419294 -7.741347e-8
v 1.762099 1.284304 0.2132392
v 1.747111 1.215569 0.3230824
v 1.809045 0.926152 0.3189374
v 1.830968 0.9 0.2576299
v 1.851815 0.7680536 0
v 0 0.18 0
v 0 0.18 0
v 0 0.18 0
v -0.6214746 0.1835355 0
v -0.5382128 0.1835355 -0.3107373
v -0.3107373 0.1835355 -0.5382128
v 2.716552e-8 0.1835355 -0.6214746
v -0.9762828 0.197071 0
v -0.8454856 0.197071 -0.4881414
v -0.4881414 0.197071 -0.8454857
v 4.267467e-8 0.197071 -0.9762828
v -1.2 0.225 0
v -1.03923 0.225 -0.6
v -0.6 0.225 -1.039231
v 5.245367e-8 0.225 -1.2
v 0 0.18 0
v 0 0.18 0
v 0 0.18 0
v 0 0.1835355 -0.6214746
v 0.3107373 0.1835355 -0.5382128
v 0.5382128 0.1835355 -0.3107373
v 0.6214746 0.1835355 2.716552e-8
v 0 0.197071 -0.9762828
v 0.4881414 0.197071 -0.8454856
v 0.8454857 0.197071 -0.4881414
v 0.9762828 0.197071 4.267467e-8
v 0 0.225 -1.2
v 0.6 0.225 -1.03923
v 1.039231 0.225 -0.6
v 1.2 0.225 5.245367e-8
v 0 0.18 0
v 0 0.18 0
v 0 0.18 0
v 0 0.1835355 0.6214746
v 0.3107373 0.1835355 0.5382128
v 0.5382128 0.1835355 0.3107373
v 0.6214746 0.1835355 -2.716552e-8
v 0 0.197071 0.9762828
v 0.4881414 0.197071 0.8454856
v 0.8454857 0.197071 0.4881414
v 0.9762828 0.197071 -4.267467e-8
v 0 0.225 1.2
v 0.6 0.225 1.03923
v 1.039231 0.225 0.6
v 1.2 0.225 -5.245367e-8
v 0 0.18 0
v 0 0.18 0
v 0 0.18 0
v -0.6214746 0.1835355 0
v -0.5382128 0.1835355 0.3107373
v -0.3107373 0.1835355 0.5382128
v 2.716552e-8 0.1835355 0.6214746
v -0.9762828 0.197071 0
v -0.8454856 0.197071 0.4881414
v -0.4881414 0.197071 0.8454857
v 4.267467e-8 0.197071 0.9762828
v -1.2 0.225 0
v -1.03923 0.225 0.6
v -0.6 0.225 1.039231
v 5.245367e-8 0.225 1.2
v -1.2 0.225 0
v -1.03923 0.225 -0.6
v -0.6 0.225 -1.039231
v 5.245367e-8 0.225 -1.2
v -1.477892 0.3295957 0
v -1.279892 0.3295957 -0.738946
v -0.7389459 0.3295957 -1.279892
v 6.460071e-8 0.3295957 -1.477892
v -1.775764 0.5597979 0
v -1.537857 0.5597979 -0.8878821
v -0.8878821 0.5597979 -1.537857
v 7.762112e-8 0.5597979 -1.775764
v -1.9 0.9 0
v -1.645448 0.9 -0.95
v -0.9499999 0.9 -1.645448
v 8.305164e-8 0.9 -1.9
v 0 0.225 -1.2
v 0.6 0.225 -1.03923
v 1.039231 0.225 -0.6
v 1.2 0.225 5.245367e-8
v 0 0.3295957 -1.477892
v 0.738946 0.3295957 -1.279892
v 1.279892 0.3295957 -0.7389459
v 1.477892 0.3295957 6.460071e-8
v 0 0.5597979 -1.775764
v 0.8878821 0.5597979 -1.537857
v 1.537857 0.5597979 -0.8878821
v 1.775764 0.5597979 7.762112e-8
v 0 0.9 -1.9
v 0.95 0.9 -1.645448
v 1.645448 0.9 -0.9499999
v 1.830968 0.9 -0.2576299
v 1.851815 0.7680536 0
v 0 0.225 1.2
v 0.6 0.225 1.03923
v 1.039231 0.225 0.6
v 1.2 0.225 -5.245367e-8
v 0 0.3295957 1.477892
v 0.738946 0.3295957 1.279892
v 1.279892 0.3295957 0.7389459
v 1.477892 0.3295957 -6.460071e-8
v 0 0.5597979 1.775764
v 0.8878821 0.5597979 1.537857
v 1.537857 0.5597979 0.8878821
v 1.775764 0.5597979 -7.762112e-8
v 0 0.9 1.9
v 0.95 0.9 1.645448
v 1.645448 0.9 0.9499999
v 1.830968 0.9 0.2576299
v 1.851815 0.7680536 0
v -1.2 0.225 0
v -1.03923 0.225 0.6
v -0.6 0.225 1.039231
v 5.245367e-8 0.225 1.2
v -1.477892 0.3295957 0
v -1.279892 0.3295957 0.738946
v -0.7389459 0.3295957 1.279892
v 6.460071e-8 0.3295957 1.477892
v -1.775764 0.5597979 0
v -1.537857 0.5597979 0.8878821
v -0.8878821 0.5597979 1.537857
v 7.762112e-8 0.5597979 1.775764
v -1.9 0.9 0
v -1.645448 0.9 0.95
v -0.9499999 0.9 1.645448
v 8.305164e-8 0.9 1.9
v -1.9 0.9 0
v -1.645448 0.9 -0.95
v -0.9499999 0.9 -1.645448
v 8.305164e-8 0.9 -1.9
v -1.819236 1.284304 0
v -1.575504 1.284304 -0.909618
v -0.909618 1.284304 -1.575505
v 7.952131e-8 1.284304 -1.819236
v -1.667664 1.708608 0
v -1.444239 1.708608 -0.8338321
v -0.8338321 1.708608 -1.444239
v 7.289591e-8 1.708608 -1.667664
v -1.5 2.16 0
v -1.299038 2.16 -0.75
v -0.7499999 2.16 -1.299038
v 6.556708e-8 2.16 -1.5
v 0 0.9 -1.9
v 0.95 0.9 -1.645448
v 1.645448 0.9 -0.9499999
v 0 1.284304 -1.819236
v 0.909618 1.284304 -1.575504
v 1.575505 1.284304 -0.909618
v 0 1.708608 -1.667664
v 0.8338321 1.708608 -1.444239
v 1.444239 1.708608 -0.8338321
v 1.667664 1.708608 7.289591e-8
v 0 2.16 -1.5
v 0.75 2.16 -1.299038
v 1.299038 2.16 -0.7499999
v 1.5 2.16 6.556708e-8
v 1.771014 1.419294 7.741347e-8
v 1.762099 1.284304 -0.2132392
v 1.747111 1.215569 -0.3230824
v 1.809045 0.926152 -0.3189374
v 1.830968 0.9 -0.2576299
v 0 0.9 1.9
v 0.95 0.9 1.645448
v 1.645448 0.9 0.9499999
v 0 1.284304 1.819236
v 0.909618 1.284304 1.575504
v 1.575505 1.284304 0.909618
v 0 1.708608 1.667664
v 0.8338321 1.708608 1.444239
v 1.444239 1.708608 0.8338321
v 1.667664 1.708608 -7.289591e-8
v 0 2.16 1.5
v 0.75 2.16 1.299038
v 1.299038 2.16 0.7499999
v 1.5 2.16 -6.556708e-8
v 1.771014 1.419294 -7.741347e-8
v 1.762099 1.284304 0.2132392
v 1.747111 1.215569 0.3230824
v 1.809045 0.926152 0.3189374
v 1.830968 0.9 0.2576299
v -1.9 0.9 0
v -1.645448 0.9 0.95
v -0.9499999 0.9 1.645448
v 8.305164e-8 0.9 1.9
v -1.819236 1.284304 0
v -1.575504 1.284304 0.909618
v -0.909618 1.284304 1.575505
v 7.952131e-8 1.284304 1.819236
v -1.667664 1.708608 0
v -1.444239 1.708608 0.8338321
v -0.8338321 1.708608 1.444239
v 7.289591e-8 1.708608 1.667664
v -1.5 2.16 0
v -1.299038 2.16 0.75
v -0.7499999 2.16 1.299038
v 6.556708e-8 2.16 1.5
v -1.5 2.16 0
v -1.299038 2.16 -0.75
v -0.7499999 2.16 -1.299038
v 6.556708e-8 2.16 -1.5
v -1.402605 2.278059 0
v -1.214692 2.278059 -0.7013025
v -0.7013025 2.278059 -1.214692
v 6.130981e-8 2.278059 -1.402605
v -1.263525 2.30903 0
v -1.094245 2.30903 -0.6317625
v -0.6317623 2.309029 -1.094245
v 5.523042e-8 2.30903 -1.263525
v -1.2 2.34 0
v -1.03923 2.34 -0.6
v -0.6 2.34 -1.039231
v 5.245367e-8 2.34 -1.2
v 0 2.16 -1.5
v 0.75 2.16 -1.299038
v 1.299038 2.16 -0.7499999
v 1.5 2.16 6.556708e-8
v 0 2.278059 -1.402605
v 0.7013025 2.278059 -1.214692
v 1.214692 2.278059 -0.7013025
v 1.402605 2.278059 6.130981e-8
v 0 2.30903 -1.263525
v 0.6317625 2.30903 -1.094245
v 1.094245 2.309029 -0.6317623
v 1.263525 2.30903 5.523042e-8
v 0 2.34 -1.2
v 0.6 2.34 -1.03923
v 1.039231 2.34 -0.6
v 1.2 2.34 5.245367e-8
v 0 2.16 1.5
v 0.75 2.16 1.299038
v 1.299038 2.16 0.7499999
v 1.5 2.16 -6.556708e-8
v 0 2.278059 1.402605
v 0.7013025 2.278059 1.214692
v 1.214692 2.278059 0.7013025
v 1.402605 2.278059 -6.130981e-8
v 0 2.30903 1.263525
v 0.6317625 2.30903 1.094245
v 1.094245 2.309029 0.6317623
v 1.263525 2.30903 -5.523042e-8
v 0 2.34 1.2
v 0.6 2.34 1.03923
v 1.039231 2.34 0.6
v 1.2 2.34 -5.245367e-8
v -1.5 2.16 0
v -1.299038 2.16 0.75
v -0.7499999 2.16 1.299038
v 6.556708e-8 2.16 1.5
v -1.402605 2.278059 0
v -1.214692 2.278059 0.7013025
v -0.7013025 2.278059 1.214692
v 6.130981e-8 2.278059 1.402605
v -1.263525 2.30903 0
v -1.094245 2.30903 0.6317625
v -0.6317623 2.309029 1.094245
v 5.523042e-8 2.30903 1.263525
v -1.2 2.34 0
v -1.03923 2.34 0.6
v -0.6 2.34 1.039231
v 5.245367e-8 2.34 1.2
v -1.2 2.34 0
v -1.03923 2.34 -0.6
v -0.6 2.34 -1.039231
v 5.245367e-8 2.34 -1.2
v -1.235555 2.382222 0
v -1.070022 2.382222 -0.6177777
v -0.6177777 2.382222 -1.070022
v 5.400784e-8 2.382222 -1.235555
v -1.306667 2.397778 0
v -1.131607 2.397778 -0.6533333
v -0.6533333 2.397778 -1.131607
v 5.711621e-8 2.397778 -1.306667
v -1.4 2.4 0
v -1.212435 2.4 -0.7
v -0.6999999 2.4 -1.212436
v 6.119594e-8 2.4 -1.4
v 0 2.34 -1.2
v 0.6 2.34 -1.03923
v 1.039231 2.34 -0.6
v 1.2 2.34 5.245367e-8
v 0 2.382222 -1.235555
v 0.6177777 2.382222 -1.070022
v 1.070022 2.382222 -0.6177777
v 1.235555 2.382222 5.400784e-8
v 0 2.397778 -1.306667
v 0.6533333 2.397778 -1.131607
v 1.131607 2.397778 -0.6533333
v 1.306667 2.397778 5.711621e-8
v 0 2.4 -1.4
v 0.7 2.4 -1.212435
v 1.212436 2.4 -0.6999999
v 1.4 2.4 6.119594e-8
v 0 2.34 1.2
v 0.6 2.34 1.03923
v 1.039231 2.34 0.6
v 1.2 2.34 -5.245367e-8
v 0 2.382222 1.235555
v 0.6177777 2.382222 1.070022
v 1.070022 2.382222 0.6177777
v 1.235555 2.382222 -5.400784e-8
v 0 2.397778 1.306667
v 0.6533333 2.397778 1.131607
v 1.131607 2.397778 0.6533333
v 1.306667 2.397778 -5.711621e-8
v 0 2.4 1.4
v 0.7 2.4 1.212435
v 1.212436 2.4 0.6999999
v 1.4 2.4 -6.119594e-8
v -1.2 2.34 0
v -1.03923 2.34 0.6
v -0.6 2.34 1.039231
v 5.245367e-8 2.34 1.2
v -1.235555 2.382222 0
v -1.070022 2.382222 0.6177777
v -0.6177777 2.382222 1.070022
v 5.400784e-8 2.382222 1.235555
v -1.306667 2.397778 0
v -1.131607 2.397778 0.6533333
v -0.6533333 2.397778 1.131607
v 5.711621e-8 2.397778 1.306667
v -1.4 2.4 0
v -1.212435 2.4 0.7
v -0.6999999 2.4 1.212436
v 6.119594e-8 2.4 1.4
v -1.3 2.4 0
v -1.125833 2.4 -0.65
v -0.6499999 2.4 -1.125833
v 5.68248e-8 2.4 -1.3
v -1.205555 2.380555 0
v -1.044042 2.380555 -0.6027777
v -0.6027776 2.380555 -1.044042
v 5.26965e-8 2.380555 -1.205555
v -1.177778 2.344444 0
v -1.019985 2.344444 -0.5888889
v -0.5888889 2.344444 -1.019985
v 5.148231e-8 2.344444 -1.177778
v -1.15 2.325 0
v -0.9959292 2.325 -0.575
v -0.5749999 2.325 -0.9959292
v 5.02681e-8 2.325 -1.15
v 0 2.4 -1.3
v 0.65 2.4 -1.125833
v 1.125833 2.4 -0.6499999
v 1.3 2.4 5.68248e-8
v 0 2.380555 -1.205555
v 0.6027777 2.380555 -1.044042
v 1.044042 2.380555 -0.6027776
v 1.205555 2.380555 5.26965e-8
v 0 2.344444 -1.177778
v 0.5888889 2.344444 -1.019985
v 1.019985 2.344444 -0.5888889
v 1.177778 2.344444 5.148231e-8
v 0 2.325 -1.15
v 0.575 2.325 -0.9959292
v 0.9959292 2.325 -0.5749999
v 1.15 2.325 5.02681e-8
v 0 2.4 1.3
v 0.65 2.4 1.125833
v 1.125833 2.4 0.6499999
v 1.3 2.4 -5.68248e-8
v 0 2.380555 1.205555
v 0.6027777 2.380555 1.044042
v 1.044042 2.380555 0.6027776
v 1.205555 2.380555 -5.26965e-8
v 0 2.344444 1.177778
v 0.5888889 2.344444 1.019985
v 1.019985 2.344444 0.5888889
v 1.177778 2.344444 -5.148231e-8
v 0 2.325 1.15
v 0.575 2.325 0.9959292
v 0.9959292 2.325 0.5749999
v 1.15 2.325 -5.02681e-8
v -1.3 2.4 0
v -1.125833 2.4 0.65
v -0.6499999 2.4 1.125833
v 5.68248e-8 2.4 1.3
v -1.205555 2.380555 0
v -1.044042 2.380555 0.6027777
v -0.6027776 2.380555 1.044042
v 5.26965e-8 2.380555 1.205555
v -1.177778 2.344444 0
v -1.019985 2.344444 0.5888889
v -0.5888889 2.344444 1.019985
v 5.148231e-8 2.344444 1.177778
v -1.15 2.325 0
v -0.9959292 2.325 0.575
v -0.5749999 2.325 0.9959292
v 5.02681e-8 2.325 1.15
v -1.15 2.325 0
v -0.9959292 2.325 -0.575
v -0.5749999 2.325 -0.9959292
v 5.02681e-8 2.325 -1.15
v -1.120987 2.34787 0
v -0.9708037 2.34787 -0.5604937
v -0.5604937 2.34787 -0.9708037
v 4.899992e-8 2.34787 -1.120987
v -1.080864 2.394074 0
v -0.9360559 2.394074 -0.5404321
v -0.5404321 2.394074 -0.9360559
v 4.724608e-8 2.394074 -1.080864
v -0.95 2.43 0
v -0.8227241 2.43 -0.475
v -0.475 2.43 -0.8227242
v 4.152582e-8 2.43 -0.95
v 0 2.325 -1.15
v 0.575 2.325 -0.9959292
v 0.9959292 2.325 -0.5749999
v 1.15 2.325 5.02681e-8
v 0 2.34787 -1.120987
v 0.5604937 2.34787 -0.9708037
v 0.9708037 2.34787 -0.5604937
v 1.120987 2.34787 4.899992e-8
v 0 2.394074 -1.080864
v 0.5404321 2.394074 -0.9360559
v 0.9360559 2.394074 -0.5404321
v 1.080864 2.394074 4.724608e-8
v 0 2.43 -0.95
v 0.475 2.43 -0.8227241
v 0.8227242 2.43 -0.475
v 0.95 2.43 4.152582e-8
v 0 2.325 1.15
v 0.575 2.325 0.9959292
v 0.9959292 2.325 0.5749999
v 1.15 2.325 -5.02681e-8
v 0 2.34787 1.120987
v 0.5604937 2.34787 0.9708037
v 0.9708037 2.34787 0.5604937
v 1.120987 2.34787 -4.899992e-8
v 0 2.394074 1.080864
v 0.5404321 2.394074 0.9360559
v 0.9360559 2.394074 0.5404321
v 1.080864 2.394074 -4.724608e-8
v 0 2.43 0.95
v 0.475 2.43 0.8227241
v 0.8227242 2.43 0.475
v 0.95 2.43 -4.152582e-8
v -1.15 2.325 0
v -0.9959292 2.325 0.575
v -0.5749999 2.325 0.9959292
v 5.02681e-8 2.325 1.15
v -1.120987 2.34787 0
v -0.9708037 2.34787 0.5604937
v -0.5604937 2.34787 0.9708037
v 4.899992e-8 2.34787 1.120987
v -1.080864 2.394074 0
v -0.9360559 2.394074 0.5404321
v -0.5404321 2.394074 0.9360559
v 4.724608e-8 2.394074 1.080864
v -0.95 2.43 0
v -0.8227241 2.43 0.475
v -0.475 2.43 0.8227242
v 4.152582e-8 2.43 0.95
v -0.95 2.43 0
v -0.8227241 2.43 -0.475
v -0.475 2.43 -0.8227242
v 4.152582e-8 2.43 -0.95
v -0.7135801 2.462037 0
v -0.6179785 2.462037 -0.3567901
v -0.35679 2.462037 -0.6179786
v 3.119158e-8 2.462037 -0.7135801
v -0.4012345 2.501018 0
v -0.3474793 2.501018 -0.2006173
v -0.2006173 2.501018 -0.3474793
v 1.753852e-8 2.501018 -0.4012345
v 0 2.52 0
v 0 2.52 0
v 0 2.52 0
v 0 2.43 -0.95
v 0.475 2.43 -0.8227241
v 0.8227242 2.43 -0.475
v 0.95 2.43 4.152582e-8
v 0 2.462037 -0.7135801
v 0.3567901 2.462037 -0.6179785
v 0.6179786 2.462037 -0.35679
v 0.7135801 2.462037 3.119158e-8
v 0 2.501018 -0.4012345
v 0.2006173 2.501018 -0.3474793
v 0.3474793 2.501018 -0.2006173
v 0.4012345 2.501018 1.753852e-8
v 0 2.52 0
v 0 2.52 0
v 0 2.52 0
v 0 2.43 0.95
v 0.475 2.43 0.8227241
v 0.8227242 2.43 0.475
v 0.95 2.43 -4.152582e-8
v 0 2.462037 0.7135801
v 0.3567901 2.462037 0.6179785
v 0.6179786 2.462037 0.35679
v 0.7135801 2.462037 -3.119158e-8
v 0 2.501018 0.4012345
v 0.2006173 2.501018 0.3474793
v 0.3474793 2.501018 0.2006173
v 0.4012345 2.501018 -1.753852e-8
v 0 2.52 0
v 0 2.52 0
v 0 2.52 0
v -0.95 2.43 0
v -0.8227241 2.43 0.475
v -0.475 2.43 0.8227242
v 4.152582e-8 2.43 0.95
v -0.7135801 2.462037 0
v -0.6179785 2.462037 0.3567901
v -0.35679 2.462037 0.6179786
v 3.119158e-8 2.462037 0.7135801
v -0.4012345 2.501018 0
v -0.3474793 2.501018 0.2006173
v -0.2006173 2.501018 0.3474793
v 1.753852e-8 2.501018 0.4012345
v 0 2.52 0
v 0 2.52 0
v 0 2.52 0

vn -0.0984208 0.9951449 0
vn -0.05511727 0.597127 -0.8002509
vn 0.04628173 -0.6000502 -0.7986225
vn 0.06668281 -0.9977742 0
vn -0.628947 0.7774482 0
vn -0.3405413 0.4535853 -0.823585
vn 0.3041583 -0.4911098 -0.8162712
vn 0.4696852 -0.882834 0
vn -1 0 0
vn -0.6 -3.804552e-8 -0.8
vn 0.6000001 0 -0.7999998
vn 1 0.000001324547 0
vn -0.01527224 0.9998834 0
vn -0.005092381 0.5998112 -0.8001254
vn 0.008629422 -0.6001071 -0.7998732
vn 0.02406349 -0.9997104 0
vn -0.9446308 0.328135 0
vn -0.9319111 0.327563 -0.1557055
vn -0.9399879 0.3050074 -0.1529488
vn -0.9578272 0.2873449 0
vn -0.0984208 0.9951449 0
vn -0.05511727 0.597127 0.8002509
vn 0.04628173 -0.6000502 0.7986225
vn 0.06668281 -0.9977742 0
vn -0.628947 0.7774482 0
vn -0.3405413 0.4535853 0.823585
vn 0.3041583 -0.4911098 0.8162712
vn 0.4696852 -0.882834 0
vn -1 0 0
vn -0.6 -3.804552e-8 0.8
vn 0.6000001 0 0.7999998
vn 1 0.000001324547 0
vn -0.01527224 0.9998834 0
vn -0.005092381 0.5998112 0.8001254
vn 0.008629422 -0.6001071 0.7998732
vn 0.02406349 -0.9997104 0
vn -0.9446308 0.328135 0
vn -0.9319111 0.327563 0.1557055
vn -0.9399879 0.3050074 0.1529488
vn -0.9578272 0.2873449 0
vn -1 0 0
vn -0.6 3.804552e-8 -0.8
vn 0.6000001 0 -0.7999998
vn 1 -0.000001324547 0
vn -0.917887 -0.396842 0
vn -0.5420998 -0.2242667 -0.8098347
vn 0.5539438 0.2060965 -0.8066415
vn 0.9454015 0.3259078 0
vn -0.7278901 -0.6856937 0
vn -0.4665273 -0.4131268 -0.7820988
vn 0.5062851 0.3884683 -0.7699142
vn 0.8210956 0.5707906 0
vn 0.6263857 0.7795133 0
vn 0.3953988 0.4717665 -0.7880965
vn 0.3507506 0.4140404 -0.8399671
vn -0.339529 -0.507363 -0.7920246
vn -0.5498571 -0.8352588 0
vn -0.996915 0.07848796 0
vn -0.9906875 0.009741239 -0.1358064
vn -0.9907731 1.640677e-7 -0.1355309
vn -0.930309 -0.3414839 -0.1338426
vn -0.9013852 -0.4330181 0
vn -1 0 0
vn -0.6 3.804552e-8 0.8
vn 0.6000001 0 0.7999998
vn 1 -0.000001324547 0
vn -0.917887 -0.396842 0
vn -0.5420998 -0.2242667 0.8098347
vn 0.5539438 0.2060965 0.8066415
vn 0.9454015 0.3259078 0
vn -0.7278901 -0.6856937 0
vn -0.4665273 -0.4131268 0.7820988
vn 0.5062851 0.3884683 0.7699142
vn 0.8210956 0.5707906 0
vn 0.6263857 0.7795133 0
vn 0.3953988 0.4717665 0.7880965
vn 0.3507506 0.4140404 0.8399671
vn -0.339529 -0.507363 0.7920246
vn -0.5498571 -0.8352588 0
vn -0.996915 0.07848796 0
vn -0.9906875 0.009741239 0.1358064
vn -0.9907731 1.640677e-7 0.1355309
vn -0.930309 -0.3414839 0.1338426
vn -0.9013852 -0.4330181 0
vn 0.7071068 -0.7071068 0
vn 0.2568863 -0.3158439 0.9133739
vn -0.249881 0.3849518 0.8884658
vn -0.5144946 0.8574936 0
vn 0.9633807 0.2681374 0
vn 0.1328626 0.703469 0.6981968
vn -0.1306012 0.9294494 0.3450611
vn -0.1876439 0.9822371 0
vn -0.2990098 0.95425 0
vn -0.1522816 0.8738719 -0.4616905
vn 0.2162648 0.4298461 -0.8766195
vn 0.6131511 -0.7899656 0
vn -0.7071068 0.7071068 0
vn -0.2796589 0.3477499 -0.8949084
vn 0.2684081 -0.4361634 -0.8589055
vn 0.4856419 -0.8741579 0
vn 0.7071068 -0.7071068 0
vn 0.2568863 -0.3158439 -0.9133739
vn -0.249881 0.3849518 -0.8884658
vn -0.5144946 0.8574936 0
vn 0.9633807 0.2681374 0
vn 0.1328626 0.703469 -0.6981968
vn -0.1306012 0.9294494 -0.3450611
vn -0.1876439 0.9822371 0
vn -0.2990098 0.95425 0
vn -0.1522816 0.8738719 0.4616905
vn 0.2162648 0.4298461 0.8766195
vn 0.6131511 -0.7899656 0
vn -0.7071068 0.7071068 0
vn -0.2796589 0.3477499 0.8949084
vn 0.2684081 -0.4361634 0.8589055
vn 0.4856419 -0.8741579 0
vn -0.7071068 0.7071068 0
vn -0.2796588 0.34775 -0.8949083
vn 0.2684081 -0.4361632 -0.8589055
vn 0.4856431 -0.8741572 0
vn -0.9704286 0.2413885 0
vn -0.4672924 0.264827 -0.8435072
vn 0.6023738 -0.04621039 -0.7968754
vn 0.968155 -0.2503514 0
vn -0.8175167 0.5759048 0
vn -0.321586 0.3878839 -0.8637872
vn 0.6479933 -0.1897449 -0.7376323
vn 0.9147211 -0.4040855 0
vn -0.4414226 0.8972993 0
vn -0.1834907 0.5148338 -0.837423
vn -0.122261 0.4070725 -0.9051763
vn 0.2659371 -0.356025 -0.8958369
vn 0.380789 -0.5110347 -0.7706123
vn 0.5399551 -0.8416938 0
vn 0.967967 0.2510774 4.231048e-8
vn 0.9457 0.2362101 -0.2232849
vn 0.9405198 0.2211987 -0.2578637
vn 0.9654387 0.01747235 -0.2600439
vn 0.9793987 -1.036826e-8 -0.2019359
vn 0.9836382 -0.180155 0
vn -0.7071068 0.7071068 0
vn -0.2796588 0.34775 0.8949083
vn 0.2684081 -0.4361632 0.8589055
vn 0.4856431 -0.8741572 0
vn -0.9704286 0.2413885 0
vn -0.4672924 0.264827 0.8435072
vn 0.6023738 -0.04621039 0.7968754
vn 0.968155 -0.2503514 0
vn -0.8175167 0.5759048 0
vn -0.321586 0.3878839 0.8637872
vn 0.6479933 -0.1897449 0.7376323
vn 0.9147211 -0.4040855 0
vn -0.4414226 0.8972993 0
vn -0.1834907 0.5148338 0.837423
vn -0.122261 0.4070725 0.9051763
vn 0.2659371 -0.356025 0.8958369
vn 0.380789 -0.5110347 0.7706123
vn 0.5399551 -0.8416938 0
vn 0.967967 0.2510774 -4.231048e-8
vn 0.9457 0.2362101 0.2232849
vn 0.9405198 0.2211987 0.2578637
vn 0.9654387 0.01747235 0.2600439
vn 0.9793987 -1.036826e-8 0.2019359
vn 0.9836382 -0.180155 0
vn 0 1 0
vn 0 1 0
vn 0 1 0
vn -0.9974588 0.07124683 0
vn -0.8638247 0.07124677 -0.4987293
vn -0.4987293 0.07124676 -0.8638247
vn 4.360031e-8 0.07124683 -0.9974588
vn -0.8338528 -0.5519869 0
vn -0.7221377 -0.551987 -0.4169264
vn -0.4169264 -0.5519869 -0.7221377
vn 3.644887e-8 -0.5519869 -0.8338528
vn -0.7071064 0.7071071 0
vn -0.6123722 0.7071071 -0.3535532
vn -0.3535532 0.7071071 -0.6123722
vn 3.090861e-8 0.7071071 -0.7071064
vn 0 1 0
vn 0 1 0
vn 0 1 0
vn 0 0.07124683 -0.9974588
vn 0.4987293 0.07124677 -0.8638247
vn 0.8638247 0.07124676 -0.4987293
vn 0.9974588 0.07124683 4.360031e-8
vn 0 -0.5519869 -0.8338528
vn 0.4169264 -0.551987 -0.7221377
vn 0.7221377 -0.5519869 -0.4169264
vn 0.8338528 -0.5519869 3.644887e-8
vn 0 0.7071071 -0.7071064
vn 0.3535532 0.7071071 -0.6123722
vn 0.6123722 0.7071071 -0.3535532
vn 0.7071064 0.7071071 3.090861e-8
vn 0 1 0
vn 0 1 0
vn 0 1 0
vn 0 0.07124683 0.9974588
vn 0.4987293 0.07124677 0.8638247
vn 0.8638247 0.07124676 0.4987293
vn 0.9974588 0.07124683 -4.360031e-8
vn 0 -0.5519869 0.8338528
vn 0.4169264 -0.551987 0.7221377
vn 0.7221377 -0.5519869 0.4169264
vn 0.8338528 -0.5519869 -3.644887e-8
vn 0 0.7071071 0.7071064
vn 0.3535532 0.7071071 0.6123722
vn 0.6123722 0.7071071 0.3535532
vn 0.7071064 0.7071071 -3.090861e-8
vn 0 1 0
vn 0 1 0
vn 0 1 0
vn -0.9974588 0.07124683 0
vn -0.8638247 0.07124677 0.4987293
vn -0.4987293 0.07124676 0.8638247
vn 4.360031e-8 0.07124683 0.9974588
vn -0.8338528 -0.5519869 0
vn -0.7221377 -0.551987 0.4169264
vn -0.4169264 -0.5519869 0.7221377
vn 3.644887e-8 -0.5519869 0.8338528
vn -0.7071064 0.7071071 0
vn -0.6123722 0.7071071 0.3535532
vn -0.3535532 0.7071071 0.6123722
vn 3.090861e-8 0.7071071 0.7071064
vn -0.7071064 0.7071071 0
vn -0.6123721 0.7071071 -0.3535532
vn -0.3535531 0.7071072 -0.6123721
vn 3.09086e-8 0.7071071 -0.7071064
vn -0.2130392 0.9770437 0
vn -0.1844974 0.9770436 -0.1065196
vn -0.1065196 0.9770437 -0.1844974
vn 9.312241e-9 0.9770437 -0.2130392
vn -0.2747212 0.9615239 0
vn -0.2379155 0.9615239 -0.1373606
vn -0.1373606 0.9615239 -0.2379156
vn 1.200844e-8 0.9615239 -0.2747212
vn -1 0 0
vn -0.8660254 -8.60318e-7 -0.5000001
vn -0.4999999 0 -0.8660254
vn 4.371139e-8 0 -1
vn 0 0.7071071 -0.7071064
vn 0.3535532 0.7071071 -0.6123721
vn 0.6123721 0.7071072 -0.3535531
vn 0.7071064 0.7071071 3.09086e-8
vn 0 0.9770437 -0.2130392
vn 0.1065196 0.9770436 -0.1844974
vn 0.1844974 0.9770437 -0.1065196
vn 0.2130392 0.9770437 9.312241e-9
vn 0 0.9615239 -0.2747212
vn 0.1373606 0.9615239 -0.2379155
vn 0.2379156 0.9615239 -0.1373606
vn 0.2747212 0.9615239 1.200844e-8
vn 0 0 -1
vn 0.5000001 -8.60318e-7 -0.8660254
vn 0.8660254 0 -0.4999999
vn 1 0 4.371139e-8
vn 0 0.7071071 0.7071064
vn 0.3535532 0.7071071 0.6123721
vn 0.6123721 0.7071072 0.3535531
vn 0.7071064 0.7071071 -3.09086e-8
vn 0 0.9770437 0.2130392
vn 0.1065196 0.9770436 0.1844974
vn 0.1844974 0.9770437 0.1065196
vn 0.2130392 0.9770437 -9.312241e-9
vn 0 0.9615239 0.2747212
vn 0.1373606 0.9615239 0.2379155
vn 0.2379156 0.9615239 0.1373606
vn 0.2747212 0.9615239 -1.200844e-8
vn 0 0 1
vn 0.5000001 -8.60318e-7 0.8660254
vn 0.8660254 0 0.4999999
vn 1 0 -4.371139e-8
vn -0.7071064 0.7071071 0
vn -0.6123721 0.7071071 0.3535532
vn -0.3535531 0.7071072 0.6123721
vn 3.09086e-8 0.7071071 0.7071064
vn -0.2130392 0.9770437 0
vn -0.1844974 0.9770436 0.1065196
vn -0.1065196 0.9770437 0.1844974
vn 9.312241e-9 0.9770437 0.2130392
vn -0.2747212 0.9615239 0
vn -0.2379155 0.9615239 0.1373606
vn -0.1373606 0.9615239 0.2379156
vn 1.200844e-8 0.9615239 0.2747212
vn -1 0 0
vn -0.8660254 -8.60318e-7 0.5000001
vn -0.4999999 0 0.8660254
vn 4.371139e-8 0 1
vn 0.9417421 -0.3363358 0
vn 0.8155726 -0.3363357 0.4708711
vn 0.4708711 -0.3363355 0.8155727
vn -4.116485e-8 -0.3363358 0.9417421
vn 0.8872711 0.4612482 0
vn 0.7683992 0.4612485 0.4436355
vn 0.4436356 0.461248 0.7683995
vn -3.878385e-8 0.4612482 0.8872711
vn -0.6991698 0.7149556 0
vn -0.6054989 0.7149557 -0.3495849
vn -0.3495848 0.7149559 -0.6054987
vn 3.056168e-8 0.7149556 -0.6991698
vn -0.9417424 0.3363349 0
vn -0.815573 0.3363347 -0.4708713
vn -0.470871 0.3363357 -0.8155726
vn 4.116486e-8 0.3363349 -0.9417424
vn 0 -0.3363358 0.9417421
vn -0.4708711 -0.3363357 0.8155726
vn -0.8155727 -0.3363355 0.4708711
vn -0.9417421 -0.3363358 -4.116485e-8
vn 0 0.4612482 0.8872711
vn -0.4436355 0.4612485 0.7683992
vn -0.7683995 0.461248 0.4436356
vn -0.8872711 0.4612482 -3.878385e-8
vn 0 0.7149556 -0.6991698
vn 0.3495849 0.7149557 -0.6054989
vn 0.6054987 0.7149559 -0.3495848
vn 0.6991698 0.7149556 3.056168e-8
vn 0 0.3363349 -0.9417424
vn 0.4708713 0.3363347 -0.815573
vn 0.8155726 0.3363357 -0.470871
vn 0.9417424 0.3363349 4.116486e-8
vn 0 -0.3363358 -0.9417421
vn -0.4708711 -0.3363357 -0.8155726
vn -0.8155727 -0.3363355 -0.4708711
vn -0.9417421 -0.3363358 4.116485e-8
vn 0 0.4612482 -0.8872711
vn -0.4436355 0.4612485 -0.7683992
vn -0.7683995 0.461248 -0.4436356
vn -0.8872711 0.4612482 3.878385e-8
vn 0 0.7149556 0.6991698
vn 0.3495849 0.7149557 0.6054989
vn 0.6054987 0.7149559 0.3495848
vn 0.6991698 0.7149556 -3.056168e-8
vn 0 0.3363349 0.9417424
vn 0.4708713 0.3363347 0.815573
vn 0.8155726 0.3363357 0.470871
vn 0.9417424 0.3363349 -4.116486e-8
vn 0.9417421 -0.3363358 0
vn 0.8155726 -0.3363357 -0.4708711
vn 0.4708711 -0.3363355 -0.8155727
vn -4.116485e-8 -0.3363358 -0.9417421
vn 0.8872711 0.4612482 0
vn 0.7683992 0.4612485 -0.4436355
vn 0.4436356 0.461248 -0.7683995
vn -3.878385e-8 0.4612482 -0.8872711
vn -0.6991698 0.7149556 0
vn -0.6054989 0.7149557 0.3495849
vn -0.3495848 0.7149559 0.6054987
vn 3.056168e-8 0.7149556 0.6991698
vn -0.9417424 0.3363349 0
vn -0.815573 0.3363347 0.4708713
vn -0.470871 0.3363357 0.8155726
vn 4.116486e-8 0.3363349 0.9417424
vn -0.9417418 0.3363367 0
vn -0.8155723 0.3363367 -0.4708709
vn -0.4708709 0.3363365 -0.8155724
vn 4.116484e-8 0.3363367 -0.9417418
vn -0.958342 0.2856233 0
vn -0.8299485 0.2856233 -0.479171
vn -0.4791709 0.2856233 -0.8299485
vn 4.189045e-8 0.2856233 -0.958342
vn -0.9735002 0.2286861 0
vn -0.8430759 0.2286862 -0.4867501
vn -0.48675 0.2286862 -0.8430759
vn 4.255304e-8 0.2286861 -0.9735002
vn -0.8660254 0 -0.5
vn -0.4999999 0 -0.8660254
vn 4.371139e-8 0 -1
vn -0.9446307 0.3281356 0
vn -0.9319112 0.3275628 -0.1557052
vn -0.9399878 0.3050078 -0.1529482
vn -0.9578274 0.2873443 0
vn -0.996915 0.07848804 0
vn -0.9906874 0.009741675 -0.1358072
vn -0.9907732 0 -0.1355305
vn 0 0.3363367 -0.9417418
vn 0.4708709 0.3363367 -0.8155723
vn 0.8155724 0.3363365 -0.4708709
vn 0.9417418 0.3363367 4.116484e-8
vn 0 0.2856233 -0.958342
vn 0.479171 0.2856233 -0.8299485
vn 0.8299485 0.2856233 -0.4791709
vn 0.958342 0.2856233 4.189045e-8
vn 0 0.2286861 -0.9735002
vn 0.4867501 0.2286862 -0.8430759
vn 0.8430759 0.2286862 -0.48675
vn 0 0 -1
vn 0.5 0 -0.8660254
vn 0.8660254 0 -0.4999999
vn 0.9679669 0.251078 4.231117e-8
vn 0.9457001 0.2362101 -0.2232848
vn 0.9405198 0.2211987 -0.2578637
vn 0.9654385 0.0174723 -0.2600445
vn 0.9793987 0 -0.2019358
vn 0 0.3363367 0.9417418
vn 0.4708709 0.3363367 0.8155723
vn 0.8155724 0.3363365 0.4708709
vn 0.9417418 0.3363367 -4.116484e-8
vn 0 0.2856233 0.958342
vn 0.479171 0.2856233 0.8299485
vn 0.8299485 0.2856233 0.4791709
vn 0.958342 0.2856233 -4.189045e-8
vn 0 0.2286861 0.9735002
vn 0.4867501 0.2286862 0.8430759
vn 0.8430759 0.2286862 0.48675
vn 0 0 1
vn 0.5 0 0.8660254
vn 0.8660254 0 0.4999999
vn 0.9679669 0.251078 -4.231117e-8
vn 0.9457001 0.2362101 0.2232848
vn 0.9405198 0.2211987 0.2578637
vn 0.9654385 0.0174723 0.2600445
vn 0.9793987 0 0.2019358
vn -0.9417418 0.3363367 0
vn -0.8155723 0.3363367 0.4708709
vn -0.4708709 0.3363365 0.8155724
vn 4.116484e-8 0.3363367 0.9417418
vn -0.958342 0.2856233 0
vn -0.8299485 0.2856233 0.479171
vn -0.4791709 0.2856233 0.8299485
vn 4.189045e-8 0.2856233 0.958342
vn -0.9735002 0.2286861 0
vn -0.8430759 0.2286862 0.4867501
vn -0.48675 0.2286862 0.8430759
vn 4.255304e-8 0.2286861 0.9735002
vn -0.8660254 0 0.5
vn -0.4999999 0 0.8660254
vn 4.371139e-8 0 1
vn -0.9446307 0.3281356 0
vn -0.9319112 0.3275628 0.1557052
vn -0.9399878 0.3050078 0.1529482
vn -0.9578274 0.2873443 0
vn -0.996915 0.07848804 0
vn -0.9906874 0.009741675 0.1358072
vn -0.9907732 0 0.1355305
vn -0.8660254 0 -0.5
vn -0.4999999 0 -0.8660254
vn 4.371139e-8 0 -1
vn -0.8852063 -0.4651985 0
vn -0.7666112 -0.4651985 -0.4426032
vn -0.4426031 -0.4651985 -0.7666113
vn 3.869359e-8 -0.4651985 -0.8852063
vn -0.7215329 -0.6923802 0
vn -0.6248659 -0.6923801 -0.3607665
vn -0.3607664 -0.6923802 -0.6248658
vn 3.15392e-8 -0.6923802 -0.7215329
vn -1 0 0
vn -0.8660254 -0.000001720638 -0.5
vn -0.4999999 -4.967052e-7 -0.8660254
vn 4.371139e-8 0 -1
vn -0.9907732 0 -0.1355305
vn -0.9303089 -0.341484 -0.1338429
vn -0.9013854 -0.4330177 0
vn 0 0 -1
vn 0.5 0 -0.8660254
vn 0.8660254 0 -0.4999999
vn 0 -0.4651985 -0.8852063
vn 0.4426032 -0.4651985 -0.7666112
vn 0.7666113 -0.4651985 -0.4426031
vn 0.8852063 -0.4651985 3.869359e-8
vn 0 -0.6923802 -0.7215329
vn 0.3607665 -0.6923801 -0.6248659
vn 0.6248658 -0.6923802 -0.3607664
vn 0.7215329 -0.6923802 3.15392e-8
vn 0 0 -1
vn 0.5 -0.000001720638 -0.8660254
vn 0.8660254 -4.967052e-7 -0.4999999
vn 1 0 4.371139e-8
vn 0.9793987 0 -0.2019358
vn 0.9836379 -0.1801568 0
vn 0 0 1
vn 0.5 0 0.8660254
vn 0.8660254 0 0.4999999
vn 0 -0.4651985 0.8852063
vn 0.4426032 -0.4651985 0.7666112
vn 0.7666113 -0.4651985 0.4426031
vn 0.8852063 -0.4651985 -3.869359e-8
vn 0 -0.6923802 0.7215329
vn 0.3607665 -0.6923801 0.6248659
vn 0.6248658 -0.6923802 0.3607664
vn 0.7215329 -0.6923802 -3.15392e-8
vn 0 0 1
vn 0.5 -0.000001720638 0.8660254
vn 0.8660254 -4.967052e-7 0.4999999
vn 1 0 -4.371139e-8
vn 0.9793987 0 0.2019358
vn 0.9836379 -0.1801568 0
vn -0.8660254 0 0.5
vn -0.4999999 0 0.8660254
vn 4.371139e-8 0 1
vn -0.8852063 -0.4651985 0
vn -0.7666112 -0.4651985 0.4426032
vn -0.4426031 -0.4651985 0.7666113
vn 3.869359e-8 -0.4651985 0.8852063
vn -0.7215329 -0.6923802 0
vn -0.6248659 -0.6923801 0.3607665
vn -0.3607664 -0.6923802 0.6248658
vn 3.15392e-8 -0.6923802 0.7215329
vn -1 0 0
vn -0.8660254 -0.000001720638 0.5
vn -0.4999999 -4.967052e-7 0.8660254
vn 4.371139e-8 0 1
vn -0.9907732 0 0.1355305
vn -0.9303089 -0.341484 0.1338429
vn -0.9013854 -0.4330177 0
vn -1 0 0
vn -0.8660254 0 -0.5
vn -0.4999999 0 -0.8660254
vn 4.371139e-8 0 -1
vn -0.4207249 -0.9071883 0
vn -0.3643585 -0.9071883 -0.2103625
vn -0.2103625 -0.9071883 -0.3643585
vn 1.839047e-8 -0.9071883 -0.4207249
vn -0.08304548 -0.9965458 0
vn -0.07191949 -0.9965458 -0.04152274
vn -0.04152273 -0.9965458 -0.07191949
vn 3.630033e-9 -0.9965458 -0.08304548
vn 0 -1 0
vn 0 -1 0
vn 0 -1 0
vn 0 0 -1
vn 0.5 0 -0.8660254
vn 0.8660254 0 -0.4999999
vn 1 0 4.371139e-8
vn 0 -0.9071883 -0.4207249
vn 0.2103625 -0.9071883 -0.3643585
vn 0.3643585 -0.9071883 -0.2103625
vn 0.4207249 -0.9071883 1.839047e-8
vn 0 -0.9965458 -0.08304548
vn 0.04152274 -0.9965458 -0.07191949
vn 0.07191949 -0.9965458 -0.04152273
vn 0.08304548 -0.9965458 3.630033e-9
vn 0 -1 0
vn 0 -1 0
vn 0 -1 0
vn 0 0 1
vn 0.5 0 0.8660254
vn 0.8660254 0 0.4999999
vn 1 0 -4.371139e-8
vn 0 -0.9071883 0.4207249
vn 0.2103625 -0.9071883 0.3643585
vn 0.3643585 -0.9071883 0.2103625
vn 0.4207249 -0.9071883 -1.839047e-8
vn 0 -0.9965458 0.08304548
vn 0.04152274 -0.9965458 0.07191949
vn 0.07191949 -0.9965458 0.04152273
vn 0.08304548 -0.9965458 -3.630033e-9
vn 0 -1 0
vn 0 -1 0
vn 0 -1 0
vn -1 0 0
vn -0.8660254 0 0.5
vn -0.4999999 0 0.8660254
vn 4.371139e-8 0 1
vn -0.4207249 -0.9071883 0
vn -0.3643585 -0.9071883 0.2103625
vn -0.2103625 -0.9071883 0.3643585
vn 1.839047e-8 -0.9071883 0.4207249
vn -0.08304548 -0.9965458 0
vn -0.07191949 -0.9965458 0.04152274
vn -0.04152273 -0.9965458 0.07191949
vn 3.630033e-9 -0.9965458 0.08304548
vn 0 -1 0
vn 0 -1 0
vn 0 -1 0
vn 0.8446661 -0.5352936 0
vn 0.3863097 -0.3218287 0.8644021
vn -0.5690652 0.2123296 0.794406
vn -0.904726 0.4259941 0
vn 0.9682944 -0.249812 0
vn 0.4741146 -0.2129965 0.8543113
vn -0.5543366 0.06663045 0.8296212
vn -0.9688007 0.2478411 0
vn 0.7071065 -0.7071071 0
vn 0.2580114 -0.3030759 0.917374
vn -0.2509515 0.3753321 0.8922719
vn -0.5144957 0.857493 0
vn 0.4632178 -0.8862444 0
vn 0.3175829 -0.6361513 0.7031733
vn 0.1644074 -0.3613657 0.9178153
vn -0.25462 0.3272248 0.909996
vn -0.3478943 0.4652051 0.8139741
vn -0.5223806 0.8527125 0
vn -0.9687725 -0.2479512 -4.234611e-8
vn -0.9612709 -0.2498519 0.1163282
vn -0.9620453 -0.2078167 0.1768649
vn -0.9846786 -0.01725108 0.1735235
vn -0.9902454 -2.912747e-7 0.1393342
vn -0.9775212 0.2108372 0
vn 0.8446661 -0.5352936 0
vn 0.3863097 -0.3218287 -0.8644021
vn -0.5690652 0.2123296 -0.794406
vn -0.904726 0.4259941 0
vn 0.9682944 -0.249812 0
vn 0.4741146 -0.2129965 -0.8543113
vn -0.5543366 0.06663045 -0.8296212
vn -0.9688007 0.2478411 0
vn 0.7071065 -0.7071071 0
vn 0.2580114 -0.3030759 -0.917374
vn -0.2509515 0.3753321 -0.8922719
vn -0.5144957 0.857493 0
vn 0.4632178 -0.8862444 0
vn 0.3175829 -0.6361513 -0.7031733
vn 0.1644074 -0.3613657 -0.9178153
vn -0.25462 0.3272248 -0.909996
vn -0.3478943 0.4652051 -0.8139741
vn -0.5223806 0.8527125 0
vn -0.9687725 -0.2479512 4.234611e-8
vn -0.9612709 -0.2498519 -0.1163282
vn -0.9620453 -0.2078167 -0.1768649
vn -0.9846786 -0.01725108 -0.1735235
vn -0.9902454 -2.912747e-7 -0.1393342
vn -0.9775212 0.2108372 0
vn 0 1 0
vn 0 1 0
vn 0 1 0
vn 0.0250372 0.9996865 0
vn 0.02168285 0.9996865 0.0125186
vn 0.0125186 0.9996865 0.02168285
vn -1.094411e-9 0.9996865 0.0250372
vn 0.0900352 0.9959385 0
vn 0.07797277 0.9959386 0.04501761
vn 0.04501759 0.9959385 0.07797277
vn -3.935563e-9 0.9959385 0.0900352
vn 0.287348 0.9578263 0
vn 0.2488506 0.9578263 0.143674
vn 0.1436739 0.9578263 0.2488506
vn -1.256038e-8 0.9578263 0.287348
vn 0 1 0
vn 0 1 0
vn 0 1 0
vn 0 0.9996865 0.0250372
vn -0.0125186 0.9996865 0.02168285
vn -0.02168285 0.9996865 0.0125186
vn -0.0250372 0.9996865 -1.094411e-9
vn 0 0.9959385 0.0900352
vn -0.04501761 0.9959386 0.07797277
vn -0.07797277 0.9959385 0.04501759
vn -0.0900352 0.9959385 -3.935563e-9
vn 0 0.9578263 0.287348
vn -0.143674 0.9578263 0.2488506
vn -0.2488506 0.9578263 0.1436739
vn -0.287348 0.9578263 -1.256038e-8
vn 0 1 0
vn 0 1 0
vn 0 1 0
vn 0 0.9996865 -0.0250372
vn -0.0125186 0.9996865 -0.02168285
vn -0.02168285 0.9996865 -0.0125186
vn -0.0250372 0.9996865 1.094411e-9
vn 0 0.9959385 -0.0900352
vn -0.04501761 0.9959386 -0.07797277
vn -0.07797277 0.9959385 -0.04501759
vn -0.0900352 0.9959385 3.935563e-9
vn 0 0.9578263 -0.287348
vn -0.143674 0.9578263 -0.2488506
vn -0.2488506 0.9578263 -0.1436739
vn -0.287348 0.9578263 1.256038e-8
vn 0 1 0
vn 0 1 0
vn 0 1 0
vn 0.0250372 0.9996865 0
vn 0.02168285 0.9996865 -0.0125186
vn 0.0125186 0.9996865 -0.02168285
vn -1.094411e-9 0.9996865 -0.0250372
vn 0.0900352 0.9959385 0
vn 0.07797277 0.9959386 -0.04501761
vn 0.04501759 0.9959385 -0.07797277
vn -3.935563e-9 0.9959385 -0.0900352
vn 0.287348 0.9578263 0
vn 0.2488506 0.9578263 -0.143674
vn 0.1436739 0.9578263 -0.2488506
vn -1.256038e-8 0.9578263 -0.287348
vn 0.287348 0.9578263 0
vn 0.2488506 0.9578263 0.143674
vn 0.143674 0.9578263 0.2488506
vn -1.256038e-8 0.9578263 0.287348
vn 0.5690862 0.8222779 0
vn 0.492843 0.822278 0.284543
vn 0.284543 0.8222779 0.4928431
vn -2.487555e-8 0.8222779 0.5690862
vn 0.8516489 0.5241127 0
vn 0.7375497 0.5241126 0.4258245
vn 0.4258244 0.5241126 0.7375496
vn -3.722677e-8 0.5241127 0.8516489
vn 1 0 0
vn 0.8660253 0 0.5
vn 0.4999999 -3.308919e-7 0.8660254
vn -4.371139e-8 0 1
vn 0 0.9578263 0.287348
vn -0.143674 0.9578263 0.2488506
vn -0.2488506 0.9578263 0.143674
vn -0.287348 0.9578263 -1.256038e-8
vn 0 0.8222779 0.5690862
vn -0.284543 0.822278 0.492843
vn -0.4928431 0.8222779 0.284543
vn -0.5690862 0.8222779 -2.487555e-8
vn 0 0.5241127 0.8516489
vn -0.4258245 0.5241126 0.7375497
vn -0.7375496 0.5241126 0.4258244
vn -0.8516489 0.5241127 -3.722677e-8
vn 0 0 1
vn -0.5 0 0.8660253
vn -0.8660254 -3.308919e-7 0.4999999
vn -0.9902454 -9.220928e-8 0.1393344
vn -0.9775212 0.2108373 0
vn 0 0.9578263 -0.287348
vn -0.143674 0.9578263 -0.2488506
vn -0.2488506 0.9578263 -0.143674
vn -0.287348 0.9578263 1.256038e-8
vn 0 0.8222779 -0.5690862
vn -0.284543 0.822278 -0.492843
vn -0.4928431 0.8222779 -0.284543
vn -0.5690862 0.8222779 2.487555e-8
vn 0 0.5241127 -0.8516489
vn -0.4258245 0.5241126 -0.7375497
vn -0.7375496 0.5241126 -0.4258244
vn -0.8516489 0.5241127 3.722677e-8
vn 0 0 -1
vn -0.5 0 -0.8660253
vn -0.8660254 -3.308919e-7 -0.4999999
vn -0.9902454 -9.220928e-8 -0.1393344
vn -0.9775212 0.2108373 0
vn 0.287348 0.9578263 0
vn 0.2488506 0.9578263 -0.143674
vn 0.143674 0.9578263 -0.2488506
vn -1.256038e-8 0.9578263 -0.287348
vn 0.5690862 0.8222779 0
vn 0.492843 0.822278 -0.284543
vn 0.284543 0.8222779 -0.4928431
vn -2.487555e-8 0.8222779 -0.5690862
vn 0.8516489 0.5241127 0
vn 0.7375497 0.5241126 -0.4258245
vn 0.4258244 0.5241126 -0.7375496
vn -3.722677e-8 0.5241127 -0.8516489
vn 1 0 0
vn 0.8660253 0 -0.5
vn 0.4999999 -3.308919e-7 -0.8660254
vn -4.371139e-8 0 -1
vn 1 0 0
vn 0.8660254 0 0.5
vn 0.4999999 3.584661e-7 0.8660254
vn -4.371138e-8 0 1
vn 0.9697409 -0.2441364 0
vn 0.8398201 -0.2441367 0.4848705
vn 0.4848702 -0.244137 0.8398201
vn -4.238872e-8 -0.2441364 0.9697409
vn 0.9666463 -0.2561148 0
vn 0.8371403 -0.2561148 0.4833232
vn 0.4833231 -0.2561148 0.8371404
vn -4.225345e-8 -0.2561148 0.9666463
vn 0.9486832 -0.3162279 0
vn 0.8215837 -0.3162281 0.4743417
vn 0.4743416 -0.3162277 0.8215839
vn -4.146826e-8 -0.3162279 0.9486832
vn 0 0 1
vn -0.5 0 0.8660254
vn -0.8660254 3.584661e-7 0.4999999
vn 0 -0.2441364 0.9697409
vn -0.4848705 -0.2441367 0.8398201
vn -0.8398201 -0.244137 0.4848702
vn 0 -0.2561148 0.9666463
vn -0.4833232 -0.2561148 0.8371403
vn -0.8371404 -0.2561148 0.4833231
vn -0.9666463 -0.2561148 -4.225345e-8
vn 0 -0.3162279 0.9486832
vn -0.4743417 -0.3162281 0.8215837
vn -0.8215839 -0.3162277 0.4743416
vn -0.9486832 -0.3162279 -4.146826e-8
vn -0.9687725 -0.2479514 -4.234639e-8
vn -0.9612711 -0.2498514 0.1163275
vn -0.9620452 -0.2078168 0.1768652
vn -0.9846786 -0.01725087 0.1735239
vn -0.9902454 9.989335e-8 0.1393344
vn 0 0 -1
vn -0.5 0 -0.8660254
vn -0.8660254 3.584661e-7 -0.4999999
vn 0 -0.2441364 -0.9697409
vn -0.4848705 -0.2441367 -0.8398201
vn -0.8398201 -0.244137 -0.4848702
vn 0 -0.2561148 -0.9666463
vn -0.4833232 -0.2561148 -0.8371403
vn -0.8371404 -0.2561148 -0.4833231
vn -0.9666463 -0.2561148 4.225345e-8
vn 0 -0.3162279 -0.9486832
vn -0.4743417 -0.3162281 -0.8215837
vn -0.8215839 -0.3162277 -0.4743416
vn -0.9486832 -0.3162279 4.146826e-8
vn -0.9687725 -0.2479514 4.234639e-8
vn -0.9612711 -0.2498514 -0.1163275
vn -0.9620452 -0.2078168 -0.1768652
vn -0.9846786 -0.01725087 -0.1735239
vn -0.9902454 9.989335e-8 -0.1393344
vn 1 0 0
vn 0.8660254 0 -0.5
vn 0.4999999 3.584661e-7 -0.8660254
vn -4.371138e-8 0 -1
vn 0.9697409 -0.2441364 0
vn 0.8398201 -0.2441367 -0.4848705
vn 0.4848702 -0.244137 -0.8398201
vn -4.238872e-8 -0.2441364 -0.9697409
vn 0.9666463 -0.2561148 0
vn 0.8371403 -0.2561148 -0.4833232
vn 0.4833231 -0.2561148 -0.8371404
vn -4.225345e-8 -0.2561148 -0.9666463
vn 0.9486832 -0.3162279 0
vn 0.8215837 -0.3162281 -0.4743417
vn 0.4743416 -0.3162277 -0.8215839
vn -4.146826e-8 -0.3162279 -0.9486832
vn 0.9486834 -0.3162276 0
vn 0.821584 -0.3162271 0.4743418
vn 0.4743416 -0.3162277 0.8215839
vn -4.146827e-8 -0.3162276 0.9486834
vn 0.5393888 -0.8420568 0
vn 0.4671244 -0.8420568 0.2696944
vn 0.2696943 -0.842057 0.4671243
vn -2.357743e-8 -0.8420568 0.5393888
vn 0.163866 -0.9864826 0
vn 0.1419121 -0.9864826 0.08193298
vn 0.08193336 -0.9864825 0.1419128
vn -7.162812e-9 -0.9864826 0.163866
vn 1 0 0
vn 0.8660254 0 0.5000001
vn 0.4999999 0 0.8660254
vn -4.371139e-8 0 1
vn 0 -0.3162276 0.9486834
vn -0.4743418 -0.3162271 0.821584
vn -0.8215839 -0.3162277 0.4743416
vn -0.9486834 -0.3162276 -4.146827e-8
vn 0 -0.8420568 0.5393888
vn -0.2696944 -0.8420568 0.4671244
vn -0.4671243 -0.842057 0.2696943
vn -0.5393888 -0.8420568 -2.357743e-8
vn 0 -0.9864826 0.163866
vn -0.08193298 -0.9864826 0.1419121
vn -0.1419128 -0.9864825 0.08193336
vn -0.163866 -0.9864826 -7.162812e-9
vn 0 0 1
vn -0.5000001 0 0.8660254
vn -0.8660254 0 0.4999999
vn -1 0 -4.371139e-8
vn 0 -0.3162276 -0.9486834
vn -0.4743418 -0.3162271 -0.821584
vn -0.8215839 -0.3162277 -0.4743416
vn -0.9486834 -0.3162276 4.146827e-8
vn 0 -0.8420568 -0.5393888
vn -0.2696944 -0.8420568 -0.4671244
vn -0.4671243 -0.842057 -0.2696943
vn -0.5393888 -0.8420568 2.357743e-8
vn 0 -0.9864826 -0.163866
vn -0.08193298 -0.9864826 -0.1419121
vn -0.1419128 -0.9864825 -0.08193336
vn -0.163866 -0.9864826 7.162812e-9
vn 0 0 -1
vn -0.5000001 0 -0.8660254
vn -0.8660254 0 -0.4999999
vn -1 0 4.371139e-8
vn 0.9486834 -0.3162276 0
vn 0.821584 -0.3162271 -0.4743418
vn 0.4743416 -0.3162277 -0.8215839
vn -4.146827e-8 -0.3162276 -0.9486834
vn 0.5393888 -0.8420568 0
vn 0.4671244 -0.8420568 -0.2696944
vn 0.2696943 -0.842057 -0.4671243
vn -2.357743e-8 -0.8420568 -0.5393888
vn 0.163866 -0.9864826 0
vn 0.1419121 -0.9864826 -0.08193298
vn 0.08193336 -0.9864825 -0.1419128
vn -7.162812e-9 -0.9864826 -0.163866
vn 1 0 0
vn 0.8660254 0 -0.5000001
vn 0.4999999 0 -0.8660254
vn -4.371139e-8 0 -1
vn 1 0 0
vn 0.8660254 0 0.5
vn 0.5 0 0.8660254
vn -4.371139e-8 0 1
vn 0.5192593 0.8546168 0
vn 0.4496917 0.8546168 0.2596296
vn 0.2596296 0.8546167 0.4496918
vn -2.269755e-8 0.8546168 0.5192593
vn 0.1065344 0.994309 0
vn 0.09226149 0.994309 0.0532672
vn 0.05326721 0.994309 0.09226152
vn -4.656767e-9 0.994309 0.1065344
vn -0.000003973647 1 0
vn -0.000003441282 1 -0.000001986825
vn -0.000001986821 1 -0.000003441276
vn 1.736936e-13 1 -0.000003973647
vn 0 0 1
vn -0.5 0 0.8660254
vn -0.8660254 0 0.5
vn -1 0 -4.371139e-8
vn 0 0.8546168 0.5192593
vn -0.2596296 0.8546168 0.4496917
vn -0.4496918 0.8546167 0.2596296
vn -0.5192593 0.8546168 -2.269755e-8
vn 0 0.994309 0.1065344
vn -0.0532672 0.994309 0.09226149
vn -0.09226152 0.994309 0.05326721
vn -0.1065344 0.994309 -4.656767e-9
vn 0 1 -0.000003973647
vn 0.000001986825 1 -0.000003441282
vn 0.000003441276 1 -0.000001986821
vn 0.000003973647 1 1.736936e-13
vn 0 0 -1
vn -0.5 0 -0.8660254
vn -0.8660254 0 -0.5
vn -1 0 4.371139e-8
vn 0 0.8546168 -0.5192593
vn -0.2596296 0.8546168 -0.4496917
vn -0.4496918 0.8546167 -0.2596296
vn -0.5192593 0.8546168 2.269755e-8
vn 0 0.994309 -0.1065344
vn -0.0532672 0.994309 -0.09226149
vn -0.09226152 0.994309 -0.05326721
vn -0.1065344 0.994309 4.656767e-9
vn 0 1 0.000003973647
vn 0.000001986825 1 0.000003441282
vn 0.000003441276 1 0.000001986821
vn 0.000003973647 1 -1.736936e-13
vn 1 0 0
vn 0.8660254 0 -0.5
vn 0.5 0 -0.8660254
vn -4.371139e-8 0 -1
vn 0.5192593 0.8546168 0
vn 0.4496917 0.8546168 -0.2596296
vn 0.2596296 0.8546167 -0.4496918
vn -2.269755e-8 0.8546168 -0.5192593
vn 0.1065344 0.994309 0
vn 0.09226149 0.994309 -0.0532672
vn 0.05326721 0.994309 -0.09226152
vn -4.656767e-9 0.994309 -0.1065344
vn -0.000003973647 1 0
vn -0.000003441282 1 0.000001986825
vn -0.000001986821 1 0.000003441276
vn 1.736936e-13 1 0.000003973647
vn 0.000002649098 -1 0
vn 0.000002294185 -1 0.000001324548
vn 0.000001324548 -1 0.000002294184
vn -1.157957e-13 -1 0.000002649098
vn -0.6643642 -0.747409 0
vn -0.5753571 -0.7474082 -0.3321825
vn -0.332182 -0.7474091 -0.5753562
vn 2.904028e-8 -0.747409 -0.6643642
vn -0.9363295 -0.3511226 0
vn -0.8108851 -0.3511227 -0.4681647
vn -0.4681649 -0.3511218 -0.8108854
vn 4.092826e-8 -0.3511226 -0.9363295
vn 0 -1 0
vn 0 -1 0
vn 0 -1 0
vn 0 -1 0
vn 0 -1 0.000002649098
vn -0.000001324548 -1 0.000002294185
vn -0.000002294184 -1 0.000001324548
vn -0.000002649098 -1 -1.157957e-13
vn 0 -0.747409 -0.6643642
vn 0.3321825 -0.7474082 -0.5753571
vn 0.5753562 -0.7474091 -0.332182
vn 0.6643642 -0.747409 2.904028e-8
vn 0 -0.3511226 -0.9363295
vn 0.4681647 -0.3511227 -0.8108851
vn 0.8108854 -0.3511218 -0.4681649
vn 0.9363295 -0.3511226 4.092826e-8
vn 0 -1 0
vn 0 -1 0
vn 0 -1 0
vn 0 -1 0
vn 0 -1 -0.000002649098
vn -0.000001324548 -1 -0.000002294185
vn -0.000002294184 -1 -0.000001324548
vn -0.000002649098 -1 1.157957e-13
vn 0 -0.747409 0.6643642
vn 0.3321825 -0.7474082 0.5753571
vn 0.5753562 -0.7474091 0.332182
vn 0.6643642 -0.747409 -2.904028e-8
vn 0 -0.3511226 0.9363295
vn 0.4681647 -0.3511227 0.8108851
vn 0.8108854 -0.3511218 0.4681649
vn 0.9363295 -0.3511226 -4.092826e-8
vn 0 -1 0
vn 0 -1 0
vn 0 -1 0
vn 0 -1 0
vn 0.000002649098 -1 0
vn 0.000002294185 -1 -0.000001324548
vn 0.000001324548 -1 -0.000002294184
vn -1.157957e-13 -1 -0.000002649098
vn -0.6643642 -0.747409 0
vn -0.5753571 -0.7474082 0.3321825
vn -0.332182 -0.7474091 0.5753562
vn 2.904028e-8 -0.747409 0.6643642
vn -0.9363295 -0.3511226 0
vn -0.8108851 -0.3511227 0.4681647
vn -0.4681649 -0.3511218 0.8108854
vn 4.092826e-8 -0.3511226 0.9363295
vn 0 -1 0
vn 0 -1 0
vn 0 -1 0
vn 0 -1 0
vn 0 -1 0
vn 0 -1 0
vn 0 -1 0
vn 0 -1 0
vn 0.9344217 -0.3561688 0
vn 0.8092331 -0.356168 0.4672109
vn 0.4672108 -0.3561687 0.809233
vn -4.084487e-8 -0.3561688 0.9344217
vn 0.630295 -0.7763557 0
vn 0.5458515 -0.7763557 0.3151475
vn 0.3151475 -0.7763557 0.5458515
vn -2.755107e-8 -0.7763557 0.630295
vn 0.1961157 -0.9805808 0
vn 0.1698411 -0.9805808 0.09805778
vn 0.09805781 -0.9805808 0.1698411
vn -8.572488e-9 -0.9805808 0.1961157
vn 0 -1 0
vn 0 -1 0
vn 0 -1 0
vn 0 -1 0
vn 0 -0.3561688 0.9344217
vn -0.4672109 -0.356168 0.8092331
vn -0.809233 -0.3561687 0.4672108
vn -0.9344217 -0.3561688 -4.084487e-8
vn 0 -0.7763557 0.630295
vn -0.3151475 -0.7763557 0.5458515
vn -0.5458515 -0.7763557 0.3151475
vn -0.630295 -0.7763557 -2.755107e-8
vn 0 -0.9805808 0.1961157
vn -0.09805778 -0.9805808 0.1698411
vn -0.1698411 -0.9805808 0.09805781
vn -0.1961157 -0.9805808 -8.572488e-9
vn 0 -1 0
vn 0 -1 0
vn 0 -1 0
vn 0 -1 0
vn 0 -0.3561688 -0.9344217
vn -0.4672109 -0.356168 -0.8092331
vn -0.809233 -0.3561687 -0.4672108
vn -0.9344217 -0.3561688 4.084487e-8
vn 0 -0.7763557 -0.630295
vn -0.3151475 -0.7763557 -0.5458515
vn -0.5458515 -0.7763557 -0.3151475
vn -0.630295 -0.7763557 2.755107e-8
vn 0 -0.9805808 -0.1961157
vn -0.09805778 -0.9805808 -0.1698411
vn -0.1698411 -0.9805808 -0.09805781
vn -0.1961157 -0.9805808 8.572488e-9
vn 0 -1 0
vn 0 -1 0
vn 0 -1 0
vn 0 -1 0
vn 0.9344217 -0.3561688 0
vn 0.8092331 -0.356168 -0.4672109
vn 0.4672108 -0.3561687 -0.809233
vn -4.084487e-8 -0.3561688 -0.9344217
vn 0.630295 -0.7763557 0
vn 0.5458515 -0.7763557 -0.3151475
vn 0.3151475 -0.7763557 -0.5458515
vn -2.755107e-8 -0.7763557 -0.630295
vn 0.1961157 -0.9805808 0
vn 0.1698411 -0.9805808 -0.09805778
vn 0.09805781 -0.9805808 -0.1698411
vn -8.572488e-9 -0.9805808 -0.1961157
vn 0.1961157 -0.9805807 0
vn 0.1698411 -0.9805807 0.09805782
vn 0.09805779 -0.9805807 0.1698411
vn -8.572488e-9 -0.9805807 0.1961157
vn 0.1811172 -0.9834615 0
vn 0.1568521 -0.9834615 0.09055861
vn 0.09055861 -0.9834615 0.1568521
vn -7.916885e-9 -0.9834615 0.1811172
vn 0.1292211 -0.9916159 0
vn 0.1119087 -0.9916159 0.06461054
vn 0.06461054 -0.9916159 0.1119087
vn -5.648434e-9 -0.9916159 0.1292211
vn -8.830318e-7 -1 0
vn -7.647279e-7 -1 -4.415159e-7
vn -4.415158e-7 -1 -7.647279e-7
vn 0 -0.9805807 0.1961157
vn -0.09805782 -0.9805807 0.1698411
vn -0.1698411 -0.9805807 0.09805779
vn -0.1961157 -0.9805807 -8.572488e-9
vn 0 -0.9834615 0.1811172
vn -0.09055861 -0.9834615 0.1568521
vn -0.1568521 -0.9834615 0.09055861
vn -0.1811172 -0.9834615 -7.916885e-9
vn 0 -0.9916159 0.1292211
vn -0.06461054 -0.9916159 0.1119087
vn -0.1119087 -0.9916159 0.06461054
vn -0.1292211 -0.9916159 -5.648434e-9
vn 0 -1 -8.830318e-7
vn 4.415159e-7 -1 -7.647279e-7
vn 7.647279e-7 -1 -4.415158e-7
vn 0 -0.9805807 -0.1961157
vn -0.09805782 -0.9805807 -0.1698411
vn -0.1698411 -0.9805807 -0.09805779
vn -0.1961157 -0.9805807 8.572488e-9
vn 0 -0.9834615 -0.1811172
vn -0.09055861 -0.9834615 -0.1568521
vn -0.1568521 -0.9834615 -0.09055861
vn -0.1811172 -0.9834615 7.916885e-9
vn 0 -0.9916159 -0.1292211
vn -0.06461054 -0.9916159 -0.1119087
vn -0.1119087 -0.9916159 -0.06461054
vn -0.1292211 -0.9916159 5.648434e-9
vn 0 -1 8.830318e-7
vn 4.415159e-7 -1 7.647279e-7
vn 7.647279e-7 -1 4.415158e-7
vn 0.1961157 -0.9805807 0
vn 0.1698411 -0.9805807 -0.09805782
vn 0.09805779 -0.9805807 -0.1698411
vn -8.572488e-9 -0.9805807 -0.1961157
vn 0.1811172 -0.9834615 0
vn 0.1568521 -0.9834615 -0.09055861
vn 0.09055861 -0.9834615 -0.1568521
vn -7.916885e-9 -0.9834615 -0.1811172
vn 0.1292211 -0.9916159 0
vn 0.1119087 -0.9916159 -0.06461054
vn 0.06461054 -0.9916159 -0.1119087
vn -5.648434e-9 -0.9916159 -0.1292211
vn -8.830318e-7 -1 0
vn -7.647279e-7 -1 4.415159e-7
vn -4.415158e-7 -1 7.647279e-7

vt 0.125 0.6990741
vt 0.1640625 0.6984484
vt 0.203125 0.6969056
vt 0.2421875 0.6957672
vt 0.125 0.6600529
vt 0.1640625 0.659177
vt 0.203125 0.6570171
vt 0.2421875 0.6554233
vt 0.125 0.625
vt 0.1640625 0.625
vt 0.203125 0.625
vt 0.2421875 0.625
vt 0.125 0.7421027
vt 0.1640625 0.7452376
vt 0.203125 0.7401019
vt 0.2421875 0.7304405
vt 0.125 0.7481856
vt 0.1640625 0.7513205
vt 0.203125 0.7461848
vt 0.2421875 0.7365234
vt 0.125 0.6990741
vt 0.0859375 0.6984484
vt 0.046875 0.6969056
vt 0.0078125 0.6957672
vt 0.125 0.6600529
vt 0.0859375 0.659177
vt 0.046875 0.6570171
vt 0.0078125 0.6554233
vt 0.125 0.625
vt 0.0859375 0.625
vt 0.046875 0.625
vt 0.0078125 0.625
vt 0.125 0.7421027
vt 0.0859375 0.7452376
vt 0.046875 0.7401019
vt 0.0078125 0.7304405
vt 0.125 0.7481856
vt 0.0859375 0.7513205
vt 0.046875 0.7461848
vt 0.0078125 0.7365234
vt 0.125 0.625
vt 0.1640625 0.625
vt 0.203125 0.625
vt 0.2421875 0.625
vt 0.125 0.5909087
vt 0.1640625 0.5916342
vt 0.203125 0.5933627
vt 0.2421875 0.594573
vt 0.125 0.5528503
vt 0.1640625 0.553037
vt 0.203125 0.5534213
vt 0.2421875 0.5536535
vt 0.2421875 0.5233463
vt 0.203125 0.5269945
vt 0.1997397 0.5267366
vt 0.1640625 0.5158446
vt 0.125 0.5155034
vt 0.2421875 0.5162948
vt 0.203125 0.5199429
vt 0.1997397 0.5196851
vt 0.1640625 0.5087931
vt 0.125 0.5084519
vt 0.125 0.625
vt 0.0859375 0.625
vt 0.046875 0.625
vt 0.0078125 0.625
vt 0.125 0.5909087
vt 0.0859375 0.5916342
vt 0.046875 0.5933627
vt 0.0078125 0.594573
vt 0.125 0.5528503
vt 0.0859375 0.553037
vt 0.046875 0.5534213
vt 0.0078125 0.5536535
vt 0.0078125 0.5233463
vt 0.046875 0.5269945
vt 0.05026026 0.5267366
vt 0.0859375 0.5158446
vt 0.125 0.5155034
vt 0.0078125 0.5162948
vt 0.046875 0.5199429
vt 0.05026026 0.5196851
vt 0.0859375 0.5087931
vt 0.125 0.5084519
vt 0.75 0.75
vt 0.7916667 0.75
vt 0.8333333 0.75
vt 0.875 0.75
vt 0.75 0.7371994
vt 0.7916667 0.7366766
vt 0.8333333 0.7361007
vt 0.875 0.7359558
vt 0.75 0.7253006
vt 0.7916667 0.7253
vt 0.8333333 0.7252444
vt 0.875 0.7251845
vt 0.75 0.7125
vt 0.7916667 0.7125
vt 0.8333333 0.7125
vt 0.875 0.7125
vt 1 0.75
vt 0.9583333 0.75
vt 0.9166667 0.75
vt 0.875 0.75
vt 1 0.7371994
vt 0.9583333 0.7366766
vt 0.9166667 0.7361007
vt 0.875 0.7359558
vt 1 0.7253006
vt 0.9583333 0.7253
vt 0.9166667 0.7252444
vt 0.875 0.7251845
vt 1 0.7125
vt 0.9583333 0.7125
vt 0.9166667 0.7125
vt 0.875 0.7125
vt 0.75 0.7125
vt 0.7916667 0.7125
vt 0.8333333 0.7125
vt 0.875 0.7125
vt 0.75 0.6547451
vt 0.7916667 0.6539723
vt 0.8333333 0.6528042
vt 0.875 0.6523086
vt 0.75 0.5833989
vt 0.7916667 0.5818783
vt 0.8333333 0.5804038
vt 0.875 0.5799507
vt 0.75 0.5434393
vt 0.7857203 0.5324492
vt 0.7916667 0.5299757
vt 0.8333333 0.5299671
vt 0.8428618 0.5322863
vt 0.875 0.5351754
vt 0.75 0.5274535
vt 0.7857203 0.5164635
vt 0.7916667 0.51399
vt 0.8333333 0.5139813
vt 0.8428618 0.5163006
vt 0.875 0.5191897
vt 1 0.7125
vt 0.9583333 0.7125
vt 0.9166667 0.7125
vt 0.875 0.7125
vt 1 0.6547451
vt 0.9583333 0.6539723
vt 0.9166667 0.6528042
vt 0.875 0.6523086
vt 1 0.5833989
vt 0.9583333 0.5818783
vt 0.9166667 0.5804038
vt 0.875 0.5799507
vt 1 0.5434393
vt 0.9642797 0.5324492
vt 0.9583333 0.5299757
vt 0.9166667 0.5299671
vt 0.9071382 0.5322863
vt 0.875 0.5351754
vt 1 0.5274535
vt 0.9642797 0.5164635
vt 0.9583333 0.51399
vt 0.9166667 0.5139813
vt 0.9071382 0.5163006
vt 0.875 0.5191897
vt 0.375 0.625
vt 0.375 0.625
vt 0.375 0.625
vt 0.375 0.5772704
vt 0.3988648 0.583665
vt 0.416335 0.6011353
vt 0.4227296 0.625
vt 0.375 0.5351084
vt 0.4199458 0.5471516
vt 0.4528484 0.5800542
vt 0.4648916 0.625
vt 0.375 0.5078125
vt 0.4335938 0.5235127
vt 0.4764874 0.5664063
vt 0.4921875 0.625
vt 0.375 0.625
vt 0.375 0.625
vt 0.375 0.625
vt 0.4227296 0.625
vt 0.416335 0.6488648
vt 0.3988648 0.666335
vt 0.375 0.6727296
vt 0.4648916 0.625
vt 0.4528484 0.6699458
vt 0.4199458 0.7028484
vt 0.375 0.7148916
vt 0.4921875 0.625
vt 0.4764873 0.6835938
vt 0.4335938 0.7264873
vt 0.375 0.7421875
vt 0.375 0.625
vt 0.375 0.625
vt 0.375 0.625
vt 0.3272704 0.625
vt 0.333665 0.6488648
vt 0.3511352 0.666335
vt 0.375 0.6727296
vt 0.2851084 0.625
vt 0.2971516 0.6699458
vt 0.3300542 0.7028484
vt 0.375 0.7148916
vt 0.2578125 0.625
vt 0.2735127 0.6835938
vt 0.3164063 0.7264873
vt 0.375 0.7421875
vt 0.375 0.625
vt 0.375 0.625
vt 0.375 0.625
vt 0.375 0.5772704
vt 0.3511352 0.583665
vt 0.333665 0.6011353
vt 0.3272704 0.625
vt 0.375 0.5351084
vt 0.3300542 0.5471516
vt 0.2971516 0.5800542
vt 0.2851084 0.625
vt 0.375 0.5078125
vt 0.3164063 0.5235127
vt 0.2735126 0.5664063
vt 0.2578125 0.625
vt 0.625 0.6069711
vt 0.6340144 0.6093866
vt 0.6406134 0.6159856
vt 0.6430289 0.625
vt 0.625 0.5754362
vt 0.6497819 0.5820765
vt 0.6679235 0.6002182
vt 0.6745638 0.625
vt 0.625 0.5353872
vt 0.6698064 0.547393
vt 0.702607 0.5801936
vt 0.7146128 0.625
vt 0.625 0.5078125
vt 0.6835938 0.5235127
vt 0.7264873 0.5664063
vt 0.7421875 0.625
vt 0.6430289 0.625
vt 0.6406134 0.6340144
vt 0.6340144 0.6406134
vt 0.625 0.6430289
vt 0.6745638 0.625
vt 0.6679235 0.6497819
vt 0.6497819 0.6679235
vt 0.625 0.6745638
vt 0.7146128 0.625
vt 0.702607 0.6698064
vt 0.6698064 0.702607
vt 0.625 0.7146128
vt 0.7421875 0.625
vt 0.7264873 0.6835938
vt 0.6835938 0.7264873
vt 0.625 0.7421875
vt 0.6069711 0.625
vt 0.6093866 0.6340144
vt 0.6159856 0.6406134
vt 0.625 0.6430289
vt 0.5754362 0.625
vt 0.5820765 0.6497819
vt 0.6002181 0.6679235
vt 0.625 0.6745638
vt 0.5353872 0.625
vt 0.547393 0.6698064
vt 0.5801936 0.702607
vt 0.625 0.7146128
vt 0.5078125 0.625
vt 0.5235127 0.6835938
vt 0.5664063 0.7264873
vt 0.625 0.7421875
vt 0.625 0.6069711
vt 0.6159856 0.6093866
vt 0.6093866 0.6159856
vt 0.6069711 0.625
vt 0.625 0.5754362
vt 0.6002181 0.5820765
vt 0.5820765 0.6002182
vt 0.5754362 0.625
vt 0.625 0.5353872
vt 0.5801936 0.547393
vt 0.547393 0.5801936
vt 0.5353872 0.625
vt 0.625 0.5078125
vt 0.5664063 0.5235127
vt 0.5235127 0.5664063
vt 0.5078125 0.625
vt 0 0.25
vt 0.08333334 0.25
vt 0.1666667 0.25
vt 0.25 0.25
vt 0 0.2395957
vt 0.08333334 0.2395957
vt 0.1666667 0.2395957
vt 0.25 0.2395957
vt 0 0.2304044
vt 0.08333334 0.2304044
vt 0.1666667 0.2304044
vt 0.25 0.2304044
vt 0 0.22
vt 0.08333334 0.22
vt 0.1666667 0.22
vt 0.25 0.22
vt 0.25 0.25
vt 0.3333333 0.25
vt 0.4166667 0.25
vt 0.5 0.25
vt 0.25 0.2395957
vt 0.3333333 0.2395957
vt 0.4166667 0.2395957
vt 0.5 0.2395957
vt 0.25 0.2304044
vt 0.3333333 0.2304044
vt 0.4166667 0.2304044
vt 0.5 0.2304044
vt 0.25 0.22
vt 0.3333333 0.22
vt 0.4166667 0.22
vt 0.5 0.22
vt 0.75 0.25
vt 0.6666666 0.25
vt 0.5833333 0.25
vt 0.5 0.25
vt 0.75 0.2395957
vt 0.6666666 0.2395957
vt 0.5833333 0.2395957
vt 0.5 0.2395957
vt 0.75 0.2304044
vt 0.6666666 0.2304044
vt 0.5833333 0.2304044
vt 0.5 0.2304044
vt 0.75 0.22
vt 0.6666666 0.22
vt 0.5833333 0.22
vt 0.5 0.22
vt 1 0.25
vt 0.9166667 0.25
vt 0.8333333 0.25
vt 0.75 0.25
vt 1 0.2395957
vt 0.9166667 0.2395957
vt 0.8333333 0.2395957
vt 0.75 0.2395957
vt 1 0.2304044
vt 0.9166667 0.2304044
vt 0.8333333 0.2304044
vt 0.75 0.2304044
vt 1 0.22
vt 0.9166667 0.22
vt 0.8333333 0.22
vt 0.75 0.22
vt 0 0.22
vt 0.08333334 0.22
vt 0.1666667 0.22
vt 0.25 0.22
vt 0 0.1722529
vt 0.08333334 0.1722529
vt 0.1666667 0.1722529
vt 0.25 0.1722529
vt 0 0.1265661
vt 0.08333334 0.1265661
vt 0.1666667 0.1265661
vt 0.25 0.1265661
vt 0.08333334 0.08499998
vt 0.1666667 0.08499998
vt 0.25 0.08499998
vt 0 0.2122186
vt 0.02646947 0.2034599
vt 0.02592609 0.1828036
vt 0 0.1738607
vt 0 0.09918079
vt 0.0219516 0.08675717
vt 0.02199267 0.08499998
vt 0.25 0.22
vt 0.3333333 0.22
vt 0.4166667 0.22
vt 0.5 0.22
vt 0.25 0.1722529
vt 0.3333333 0.1722529
vt 0.4166667 0.1722529
vt 0.5 0.1722529
vt 0.25 0.1265661
vt 0.3333333 0.1265661
vt 0.4166667 0.1265661
vt 0.25 0.08499998
vt 0.3333333 0.08499998
vt 0.4166667 0.08499998
vt 0.5 0.1444502
vt 0.4629905 0.1265661
vt 0.4573789 0.1237737
vt 0.4581241 0.08805716
vt 0.4674352 0.08499998
vt 0.75 0.22
vt 0.6666666 0.22
vt 0.5833333 0.22
vt 0.5 0.22
vt 0.75 0.1722529
vt 0.6666666 0.1722529
vt 0.5833333 0.1722529
vt 0.5 0.1722529
vt 0.75 0.1265661
vt 0.6666666 0.1265661
vt 0.5833333 0.1265661
vt 0.75 0.08499998
vt 0.6666666 0.08499998
vt 0.5833333 0.08499998
vt 0.5 0.1444502
vt 0.5370095 0.1265661
vt 0.5426211 0.1237737
vt 0.5418759 0.08805716
vt 0.5325648 0.08499998
vt 1 0.22
vt 0.9166667 0.22
vt 0.8333333 0.22
vt 0.75 0.22
vt 1 0.1722529
vt 0.9166667 0.1722529
vt 0.8333333 0.1722529
vt 0.75 0.1722529
vt 1 0.1265661
vt 0.9166667 0.1265661
vt 0.8333333 0.1265661
vt 0.75 0.1265661
vt 0.9166667 0.08499998
vt 0.8333333 0.08499998
vt 0.75 0.08499998
vt 1 0.2122186
vt 0.9735305 0.2034599
vt 0.9740739 0.1828036
vt 1 0.1738607
vt 1 0.09918079
vt 0.9780484 0.08675717
vt 0.9780073 0.08499998
vt 0.08333334 0.08499998
vt 0.1666667 0.08499998
vt 0.25 0.08499998
vt 0 0.0467695
vt 0.08333334 0.0467695
vt 0.1666667 0.0467695
vt 0.25 0.0467695
vt 0 0.01614851
vt 0.08333334 0.01614851
vt 0.1666667 0.01614851
vt 0.25 0.01614851
vt 0 0
vt 0.08333334 0
vt 0.1666667 0
vt 0.25 0
vt 0.02199267 0.08499998
vt 0.02313265 0.05824428
vt 0 0.04971638
vt 0.25 0.08499998
vt 0.3333333 0.08499998
vt 0.4166667 0.08499998
vt 0.25 0.0467695
vt 0.3333333 0.0467695
vt 0.4166667 0.0467695
vt 0.5 0.0467695
vt 0.25 0.01614851
vt 0.3333333 0.01614851
vt 0.4166667 0.01614851
vt 0.5 0.01614851
vt 0.25 0
vt 0.3333333 0
vt 0.4166667 0
vt 0.5 0
vt 0.4674352 0.08499998
vt 0.5 0.07062498
vt 0.75 0.08499998
vt 0.6666666 0.08499998
vt 0.5833333 0.08499998
vt 0.75 0.0467695
vt 0.6666666 0.0467695
vt 0.5833333 0.0467695
vt 0.5 0.0467695
vt 0.75 0.01614851
vt 0.6666666 0.01614851
vt 0.5833333 0.01614851
vt 0.5 0.01614851
vt 0.75 0
vt 0.6666666 0
vt 0.5833333 0
vt 0.5 0
vt 0.5325648 0.08499998
vt 0.5 0.07062498
vt 0.9166667 0.08499998
vt 0.8333333 0.08499998
vt 0.75 0.08499998
vt 1 0.0467695
vt 0.9166667 0.0467695
vt 0.8333333 0.0467695
vt 0.75 0.0467695
vt 1 0.01614851
vt 0.9166667 0.01614851
vt 0.8333333 0.01614851
vt 0.75 0.01614851
vt 1 0
vt 0.9166667 0
vt 0.8333333 0
vt 0.75 0
vt 0.9780073 0.08499998
vt 0.9768674 0.05824428
vt 1 0.04971638
vt 0.125 0.9921875
vt 0.1835938 0.9764873
vt 0.2264874 0.9335938
vt 0.2421875 0.875
vt 0.125 0.9811395
vt 0.1780698 0.9669195
vt 0.2169195 0.9280697
vt 0.2311395 0.875
vt 0.125 0.9487847
vt 0.1618924 0.9388995
vt 0.1888995 0.9118924
vt 0.1987847 0.875
vt 0.125 0.875
vt 0.125 0.875
vt 0.125 0.875
vt 0.2421875 0.875
vt 0.2264874 0.8164063
vt 0.1835937 0.7735127
vt 0.125 0.7578125
vt 0.2311395 0.875
vt 0.2169195 0.8219302
vt 0.1780698 0.7830805
vt 0.125 0.7688605
vt 0.1987847 0.875
vt 0.1888994 0.8381076
vt 0.1618924 0.8111005
vt 0.125 0.8012153
vt 0.125 0.875
vt 0.125 0.875
vt 0.125 0.875
vt 0.0078125 0.875
vt 0.02351265 0.8164063
vt 0.06640626 0.7735127
vt 0.125 0.7578125
vt 0.01886047 0.875
vt 0.03308047 0.8219302
vt 0.07193024 0.7830805
vt 0.125 0.7688605
vt 0.05121528 0.875
vt 0.06110056 0.8381076
vt 0.08810765 0.8111005
vt 0.125 0.8012153
vt 0.125 0.875
vt 0.125 0.875
vt 0.125 0.875
vt 0.125 0.9921875
vt 0.06640625 0.9764873
vt 0.02351263 0.9335938
vt 0.0078125 0.875
vt 0.125 0.9811395
vt 0.07193023 0.9669195
vt 0.03308046 0.9280697
vt 0.01886047 0.875
vt 0.125 0.9487847
vt 0.08810763 0.9388995
vt 0.06110054 0.9118924
vt 0.05121528 0.875
vt 0.125 0.875
vt 0.125 0.875
vt 0.125 0.875
vt 0.75 0.9085969
vt 0.7916667 0.9092873
vt 0.8333333 0.9102026
vt 0.875 0.9105729
vt 0.75 0.8227233
vt 0.7916667 0.8226182
vt 0.8333333 0.8227319
vt 0.875 0.8228685
vt 0.75 0.75
vt 0.7916667 0.75
vt 0.8333333 0.75
vt 0.875 0.75
vt 0.75 0.9584299
vt 0.7772465 0.9634833
vt 0.7916667 0.9673421
vt 0.8333333 0.9673084
vt 0.8412623 0.96587
vt 0.875 0.9650013
vt 0.75 0.9700476
vt 0.7772465 0.975101
vt 0.7916667 0.9789598
vt 0.8333333 0.9789261
vt 0.8412623 0.9774876
vt 0.875 0.9766189
vt 1 0.9085969
vt 0.9583333 0.9092873
vt 0.9166667 0.9102026
vt 0.875 0.9105729
vt 1 0.8227233
vt 0.9583333 0.8226182
vt 0.9166667 0.8227319
vt 0.875 0.8228685
vt 1 0.75
vt 0.9583333 0.75
vt 0.9166667 0.75
vt 0.875 0.75
vt 1 0.9584299
vt 0.9727535 0.9634833
vt 0.9583333 0.9673421
vt 0.9166667 0.9673084
vt 0.9087377 0.96587
vt 0.875 0.9650013
vt 1 0.9700476
vt 0.9727535 0.975101
vt 0.9583333 0.9789598
vt 0.9166667 0.9789261
vt 0.9087377 0.9774876
vt 0.875 0.9766189
vt 0.375 0.875
vt 0.375 0.875
vt 0.375 0.875
vt 0.375 0.8146472
vt 0.4051764 0.8227329
vt 0.4272671 0.8448236
vt 0.4353528 0.875
vt 0.375 0.7799566
vt 0.4225217 0.7926899
vt 0.4573101 0.8274783
vt 0.4700435 0.875
vt 0.375 0.7578125
vt 0.4335938 0.7735127
vt 0.4764874 0.8164063
vt 0.4921875 0.875
vt 0.375 0.875
vt 0.375 0.875
vt 0.375 0.875
vt 0.4353528 0.875
vt 0.4272671 0.9051764
vt 0.4051764 0.9272671
vt 0.375 0.9353529
vt 0.4700435 0.875
vt 0.4573101 0.9225217
vt 0.4225217 0.95731
vt 0.375 0.9700434
vt 0.4921875 0.875
vt 0.4764873 0.9335938
vt 0.4335938 0.9764873
vt 0.375 0.9921875
vt 0.375 0.875
vt 0.375 0.875
vt 0.375 0.875
vt 0.3146472 0.875
vt 0.3227329 0.9051764
vt 0.3448236 0.9272671
vt 0.375 0.9353529
vt 0.2799565 0.875
vt 0.2926899 0.9225217
vt 0.3274783 0.95731
vt 0.375 0.9700434
vt 0.2578125 0.875
vt 0.2735127 0.9335938
vt 0.3164063 0.9764873
vt 0.375 0.9921875
vt 0.375 0.875
vt 0.375 0.875
vt 0.375 0.875
vt 0.375 0.8146472
vt 0.3448236 0.8227329
vt 0.3227329 0.8448236
vt 0.3146472 0.875
vt 0.375 0.7799566
vt 0.3274783 0.7926899
vt 0.2926899 0.8274783
vt 0.2799565 0.875
vt 0.375 0.7578125
vt 0.3164063 0.7735127
vt 0.2735126 0.8164063
vt 0.2578125 0.875
vt 0 0.5
vt 0.08333334 0.5
vt 0.1666667 0.5
vt 0.25 0.5
vt 0 0.4785237
vt 0.08333334 0.4785237
vt 0.1666667 0.4785237
vt 0.25 0.4785237
vt 0 0.4466703
vt 0.08333334 0.4466703
vt 0.1666667 0.4466703
vt 0.25 0.4466703
vt 0 0.411275
vt 0.08333334 0.411275
vt 0.1666667 0.411275
vt 0.25 0.411275
vt 0.25 0.5
vt 0.3333333 0.5
vt 0.4166667 0.5
vt 0.5 0.5
vt 0.25 0.4785237
vt 0.3333333 0.4785237
vt 0.4166667 0.4785237
vt 0.5 0.4785237
vt 0.25 0.4466703
vt 0.3333333 0.4466703
vt 0.4166667 0.4466703
vt 0.5 0.4466703
vt 0.25 0.411275
vt 0.3333333 0.411275
vt 0.4166667 0.411275
vt 0.4774009 0.411275
vt 0.5 0.425003
vt 0.75 0.5
vt 0.6666666 0.5
vt 0.5833333 0.5
vt 0.5 0.5
vt 0.75 0.4785237
vt 0.6666666 0.4785237
vt 0.5833333 0.4785237
vt 0.5 0.4785237
vt 0.75 0.4466703
vt 0.6666666 0.4466703
vt 0.5833333 0.4466703
vt 0.5 0.4466703
vt 0.75 0.411275
vt 0.6666666 0.411275
vt 0.5833333 0.411275
vt 0.5225991 0.411275
vt 0.5 0.425003
vt 1 0.5
vt 0.9166667 0.5
vt 0.8333333 0.5
vt 0.75 0.5
vt 1 0.4785237
vt 0.9166667 0.4785237
vt 0.8333333 0.4785237
vt 0.75 0.4785237
vt 1 0.4466703
vt 0.9166667 0.4466703
vt 0.8333333 0.4466703
vt 0.75 0.4466703
vt 1 0.411275
vt 0.9166667 0.411275
vt 0.8333333 0.411275
vt 0.75 0.411275
vt 0 0.411275
vt 0.08333334 0.411275
vt 0.1666667 0.411275
vt 0.25 0.411275
vt 0 0.3800415
vt 0.08333334 0.3800415
vt 0.1666667 0.3800415
vt 0.25 0.3800415
vt 0 0.3447782
vt 0.08333334 0.3447782
vt 0.1666667 0.3447782
vt 0.25 0.3447782
vt 0 0.3075
vt 0.08333334 0.3075
vt 0.1666667 0.3075
vt 0.25 0.3075
vt 0.25 0.411275
vt 0.3333333 0.411275
vt 0.4166667 0.411275
vt 0.25 0.3800415
vt 0.3333333 0.3800415
vt 0.4166667 0.3800415
vt 0.25 0.3447782
vt 0.3333333 0.3447782
vt 0.4166667 0.3447782
vt 0.5 0.3447782
vt 0.25 0.3075
vt 0.3333333 0.3075
vt 0.4166667 0.3075
vt 0.5 0.3075
vt 0.5 0.3688226
vt 0.4804644 0.3800415
vt 0.4709775 0.3856278
vt 0.4719665 0.4091496
vt 0.4774009 0.411275
vt 0.75 0.411275
vt 0.6666666 0.411275
vt 0.5833333 0.411275
vt 0.75 0.3800415
vt 0.6666666 0.3800415
vt 0.5833333 0.3800415
vt 0.75 0.3447782
vt 0.6666666 0.3447782
vt 0.5833333 0.3447782
vt 0.5 0.3447782
vt 0.75 0.3075
vt 0.6666666 0.3075
vt 0.5833333 0.3075
vt 0.5 0.3075
vt 0.5 0.3688226
vt 0.5195356 0.3800415
vt 0.5290225 0.3856278
vt 0.5280335 0.4091496
vt 0.5225991 0.411275
vt 1 0.411275
vt 0.9166667 0.411275
vt 0.8333333 0.411275
vt 0.75 0.411275
vt 1 0.3800415
vt 0.9166667 0.3800415
vt 0.8333333 0.3800415
vt 0.75 0.3800415
vt 1 0.3447782
vt 0.9166667 0.3447782
vt 0.8333333 0.3447782
vt 0.75 0.3447782
vt 1 0.3075
vt 0.9166667 0.3075
vt 0.8333333 0.3075
vt 0.75 0.3075
vt 0 0.3075
vt 0.08333334 0.3075
vt 0.1666667 0.3075
vt 0.25 0.3075
vt 0 0.2915501
vt 0.08333334 0.2915501
vt 0.1666667 0.2915501
vt 0.25 0.2915501
vt 0 0.2784141
vt 0.08333334 0.2784141
vt 0.1666667 0.2784141
vt 0.25 0.2784141
vt 0 0.270075
vt 0.08333334 0.270075
vt 0.1666667 0.270075
vt 0.25 0.270075
vt 0.25 0.3075
vt 0.3333333 0.3075
vt 0.4166667 0.3075
vt 0.5 0.3075
vt 0.25 0.2915501
vt 0.3333333 0.2915501
vt 0.4166667 0.2915501
vt 0.5 0.2915501
vt 0.25 0.2784141
vt 0.3333333 0.2784141
vt 0.4166667 0.2784141
vt 0.5 0.2784141
vt 0.25 0.270075
vt 0.3333333 0.270075
vt 0.4166667 0.270075
vt 0.5 0.270075
vt 0.75 0.3075
vt 0.6666666 0.3075
vt 0.5833333 0.3075
vt 0.5 0.3075
vt 0.75 0.2915501
vt 0.6666666 0.2915501
vt 0.5833333 0.2915501
vt 0.5 0.2915501
vt 0.75 0.2784141
vt 0.6666666 0.2784141
vt 0.5833333 0.2784141
vt 0.5 0.2784141
vt 0.75 0.270075
vt 0.6666666 0.270075
vt 0.5833333 0.270075
vt 0.5 0.270075
vt 1 0.3075
vt 0.9166667 0.3075
vt 0.8333333 0.3075
vt 0.75 0.3075
vt 1 0.2915501
vt 0.9166667 0.2915501
vt 0.8333333 0.2915501
vt 0.75 0.2915501
vt 1 0.2784141
vt 0.9166667 0.2784141
vt 0.8333333 0.2784141
vt 0.75 0.2784141
vt 1 0.270075
vt 0.9166667 0.270075
vt 0.8333333 0.270075
vt 0.75 0.270075
vt 0 0.270075
vt 0.08333334 0.270075
vt 0.1666667 0.270075
vt 0.25 0.270075
vt 0 0.2639144
vt 0.08333334 0.2639144
vt 0.1666667 0.2639144
vt 0.25 0.2639144
vt 0 0.2571165
vt 0.08333334 0.2571165
vt 0.1666667 0.2571165
vt 0.25 0.2571165
vt 0 0.25
vt 0.08333334 0.25
vt 0.1666667 0.25
vt 0.25 0.25
vt 0.25 0.270075
vt 0.3333333 0.270075
vt 0.4166667 0.270075
vt 0.5 0.270075
vt 0.25 0.2639144
vt 0.3333333 0.2639144
vt 0.4166667 0.2639144
vt 0.5 0.2639144
vt 0.25 0.2571165
vt 0.3333333 0.2571165
vt 0.4166667 0.2571165
vt 0.5 0.2571165
vt 0.25 0.25
vt 0.3333333 0.25
vt 0.4166667 0.25
vt 0.5 0.25
vt 0.75 0.270075
vt 0.6666666 0.270075
vt 0.5833333 0.270075
vt 0.5 0.270075
vt 0.75 0.2639144
vt 0.6666666 0.2639144
vt 0.5833333 0.2639144
vt 0.5 0.2639144
vt 0.75 0.2571165
vt 0.6666666 0.2571165
vt 0.5833333 0.2571165
vt 0.5 0.2571165
vt 0.75 0.25
vt 0.6666666 0.25
vt 0.5833333 0.25
vt 0.5 0.25
vt 1 0.270075
vt 0.9166667 0.270075
vt 0.8333333 0.270075
vt 0.75 0.270075
vt 1 0.2639144
vt 0.9166667 0.2639144
vt 0.8333333 0.2639144
vt 0.75 0.2639144
vt 1 0.2571165
vt 0.9166667 0.2571165
vt 0.8333333 0.2571165
vt 0.75 0.2571165
vt 1 0.25
vt 0.9166667 0.25
vt 0.8333333 0.25
vt 0.75 0.25
vt 0.625 0.9921875
vt 0.6835938 0.9764873
vt 0.7264873 0.9335938
vt 0.7421875 0.875
vt 0.625 0.9828373
vt 0.6789187 0.9683899
vt 0.7183899 0.9289187
vt 0.7328373 0.875
vt 0.625 0.9755925
vt 0.6752962 0.9621156
vt 0.7121156 0.9252962
vt 0.7255925 0.875
vt 0.625 0.9708125
vt 0.6729063 0.957976
vt 0.707976 0.9229062
vt 0.7208125 0.875
vt 0.7421875 0.875
vt 0.7264873 0.8164063
vt 0.6835938 0.7735127
vt 0.625 0.7578125
vt 0.7328373 0.875
vt 0.7183899 0.8210813
vt 0.6789187 0.7816101
vt 0.625 0.7671627
vt 0.7255925 0.875
vt 0.7121156 0.8247038
vt 0.6752962 0.7878844
vt 0.625 0.7744075
vt 0.7208125 0.875
vt 0.707976 0.8270937
vt 0.6729062 0.792024
vt 0.625 0.7791875
vt 0.5078125 0.875
vt 0.5235127 0.8164063
vt 0.5664063 0.7735127
vt 0.625 0.7578125
vt 0.5171627 0.875
vt 0.5316101 0.8210813
vt 0.5710813 0.7816101
vt 0.625 0.7671627
vt 0.5244075 0.875
vt 0.5378844 0.8247038
vt 0.5747038 0.7878844
vt 0.625 0.7744075
vt 0.5291875 0.875
vt 0.542024 0.8270937
vt 0.5770938 0.792024
vt 0.625 0.7791875
vt 0.625 0.9921875
vt 0.5664063 0.9764873
vt 0.5235127 0.9335938
vt 0.5078125 0.875
vt 0.625 0.9828373
vt 0.5710813 0.9683899
vt 0.5316101 0.9289187
vt 0.5171627 0.875
vt 0.625 0.9755925
vt 0.5747038 0.9621156
vt 0.5378844 0.9252962
vt 0.5244075 0.875
vt 0.625 0.9708125
vt 0.5770937 0.957976
vt 0.542024 0.9229062
vt 0.5291875 0.875
vt 0.625 0.9708125
vt 0.6729063 0.957976
vt 0.707976 0.9229062
vt 0.7208125 0.875
vt 0.625 0.9658672
vt 0.6704336 0.9536933
vt 0.7036933 0.9204336
vt 0.7158672 0.875
vt 0.625 0.957616
vt 0.666308 0.9465475
vt 0.6965475 0.9163079
vt 0.707616 0.875
vt 0.625 0.9455938
vt 0.6602969 0.936136
vt 0.686136 0.9102969
vt 0.6955938 0.875
vt 0.7208125 0.875
vt 0.707976 0.8270937
vt 0.6729062 0.792024
vt 0.625 0.7791875
vt 0.7158672 0.875
vt 0.7036933 0.8295664
vt 0.6704336 0.7963067
vt 0.625 0.7841328
vt 0.707616 0.875
vt 0.6965475 0.833692
vt 0.666308 0.8034525
vt 0.625 0.792384
vt 0.6955938 0.875
vt 0.686136 0.8397031
vt 0.6602969 0.813864
vt 0.625 0.8044063
vt 0.5291875 0.875
vt 0.542024 0.8270937
vt 0.5770938 0.792024
vt 0.625 0.7791875
vt 0.5341328 0.875
vt 0.5463067 0.8295664
vt 0.5795664 0.7963067
vt 0.625 0.7841328
vt 0.542384 0.875
vt 0.5534525 0.833692
vt 0.583692 0.8034525
vt 0.625 0.792384
vt 0.5544062 0.875
vt 0.563864 0.8397031
vt 0.5897031 0.813864
vt 0.625 0.8044063
vt 0.625 0.9708125
vt 0.5770937 0.957976
vt 0.542024 0.9229062
vt 0.5291875 0.875
vt 0.625 0.9658672
vt 0.5795664 0.9536933
vt 0.5463067 0.9204336
vt 0.5341328 0.875
vt 0.625 0.957616
vt 0.583692 0.9465475
vt 0.5534525 0.9163079
vt 0.542384 0.875
vt 0.625 0.9455938
vt 0.5897031 0.936136
vt 0.563864 0.9102969
vt 0.5544062 0.875
vt 0.625 0.9455938
vt 0.6602969 0.936136
vt 0.686136 0.9102969
vt 0.6955938 0.875
vt 0.625 0.9279761
vt 0.6514881 0.9208786
vt 0.6708786 0.9014881
vt 0.6779761 0.875
vt 0.625 0.9046237
vt 0.6398119 0.9006549
vt 0.6506549 0.8898119
vt 0.6546237 0.875
vt 0.625 0.875
vt 0.625 0.875
vt 0.625 0.875
vt 0.6955938 0.875
vt 0.686136 0.8397031
vt 0.6602969 0.813864
vt 0.625 0.8044063
vt 0.6779761 0.875
vt 0.6708786 0.8485119
vt 0.6514881 0.8291214
vt 0.625 0.8220239
vt 0.6546237 0.875
vt 0.6506549 0.8601881
vt 0.6398119 0.8493451
vt 0.625 0.8453763
vt 0.625 0.875
vt 0.625 0.875
vt 0.625 0.875
vt 0.5544062 0.875
vt 0.563864 0.8397031
vt 0.5897031 0.813864
vt 0.625 0.8044063
vt 0.5720239 0.875
vt 0.5791214 0.8485119
vt 0.5985119 0.8291214
vt 0.625 0.8220239
vt 0.5953763 0.875
vt 0.5993451 0.8601881
vt 0.6101881 0.8493451
vt 0.625 0.8453763
vt 0.625 0.875
vt 0.625 0.875
vt 0.625 0.875
vt 0.625 0.9455938
vt 0.5897031 0.936136
vt 0.563864 0.9102969
vt 0.5544062 0.875
vt 0.625 0.9279761
vt 0.5985119 0.9208786
vt 0.5791214 0.9014881
vt 0.5720239 0.875
vt 0.625 0.9046237
vt 0.6101881 0.9006549
vt 0.5993451 0.8898119
vt 0.5953763 0.875
vt 0.625 0.875
vt 0.625 0.875
vt 0.625 0.875

f 2/2/2 5/5/5 1/1/1
f 5/5/5 2/2/2 6/6/6
f 3/3/3 6/6/6 2/2/2
f 6/6/6 3/3/3 7/7/7
f 4/4/4 7/7/7 3/3/3
f 7/7/7 4/4/4 8/8/8
f 6/6/6 9/9/9 5/5/5
f 9/9/9 6/6/6 10/10/10
f 7/7/7 10/10/10 6/6/6
f 10/10/10 7/7/7 11/11/11
f 8/8/8 11/11/11 7/7/7
f 11/11/11 8/8/8 12/12/12
f 13/13/13 14/14/14 2/2/2
f 13/13/13 2/2/2 1/1/1
f 15/15/15 2/2/2 14/14/14
f 15/15/15 3/3/3 2/2/2
f 16/16/16 3/3/3 15/15/15
f 16/16/16 4/4/4 3/3/3
f 13/13/13 18/18/18 14/14/14
f 18/18/18 13/13/13 17/17/17
f 14/14/14 19/19/19 15/15/15
f 19/19/19 14/14/14 18/18/18
f 15/15/15 20/20/20 16/16/16
f 20/20/20 15/15/15 19/19/19
f 25/25/25 22/22/22 21/21/21
f 22/22/22 25/25/25 26/26/26
f 26/26/26 23/23/23 22/22/22
f 23/23/23 26/26/26 27/27/27
f 27/27/27 24/24/24 23/23/23
f 24/24/24 27/27/27 28/28/28
f 29/29/29 26/26/26 25/25/25
f 26/26/26 29/29/29 30/30/30
f 30/30/30 27/27/27 26/26/26
f 27/27/27 30/30/30 31/31/31
f 31/31/31 28/28/28 27/27/27
f 28/28/28 31/31/31 32/32/32
f 22/22/22 34/34/34 33/33/33
f 21/21/21 22/22/22 33/33/33
f 34/34/34 22/22/22 35/35/35
f 22/22/22 23/23/23 35/35/35
f 35/35/35 23/23/23 36/36/36
f 23/23/23 24/24/24 36/36/36
f 38/38/38 33/33/33 34/34/34
f 33/33/33 38/38/38 37/37/37
f 39/39/39 34/34/34 35/35/35
f 34/34/34 39/39/39 38/38/38
f 40/40/40 35/35/35 36/36/36
f 35/35/35 40/40/40 39/39/39
f 42/42/42 45/45/45 41/41/41
f 45/45/45 42/42/42 46/46/46
f 43/43/43 46/46/46 42/42/42
f 46/46/46 43/43/43 47/47/47
f 44/44/44 47/47/47 43/43/43
f 47/47/47 44/44/44 48/48/48
f 46/46/46 49/49/49 45/45/45
f 49/49/49 46/46/46 50/50/50
f 47/47/47 50/50/50 46/46/46
f 50/50/50 47/47/47 51/51/51
f 48/48/48 51/51/51 47/47/47
f 51/51/51 48/48/48 52/52/52
f 53/53/53 54/54/54 51/51/51
f 53/53/53 51/51/51 52/52/52
f 55/55/55 51/51/51 54/54/54
f 55/55/55 50/50/50 51/51/51
f 55/55/55 56/56/56 50/50/50
f 56/56/56 57/57/57 49/49/49
f 56/56/56 49/49/49 50/50/50
f 53/53/53 59/59/59 54/54/54
f 59/59/59 53/53/53 58/58/58
f 54/54/54 60/60/60 55/55/55
f 60/60/60 54/54/54 59/59/59
f 55/55/55 61/61/61 56/56/56
f 61/61/61 55/55/55 60/60/60
f 56/56/56 62/62/62 57/57/57
f 62/62/62 56/56/56 61/61/61
f 67/67/67 64/64/64 63/63/63
f 64/64/64 67/67/67 68/68/68
f 68/68/68 65/65/65 64/64/64
f 65/65/65 68/68/68 69/69/69
f 69/69/69 66/66/66 65/65/65
f 66/66/66 69/69/69 70/70/70
f 71/71/71 68/68/68 67/67/67
f 68/68/68 71/71/71 72/72/72
f 72/72/72 69/69/69 68/68/68
f 69/69/69 72/72/72 73/73/73
f 73/73/73 70/70/70 69/69/69
f 70/70/70 73/73/73 74/74/74
f 73/73/73 76/76/76 75/75/75
f 74/74/74 73/73/73 75/75/75
f 76/76/76 73/73/73 77/77/77
f 73/73/73 72/72/72 77/77/77
f 72/72/72 78/78/78 77/77/77
f 71/71/71 79/79/79 78/78/78
f 72/72/72 71/71/71 78/78/78
f 81/81/81 75/75/75 76/76/76
f 75/75/75 81/81/81 80/80/80
f 82/82/82 76/76/76 77/77/77
f 76/76/76 82/82/82 81/81/81
f 83/83/83 77/77/77 78/78/78
f 77/77/77 83/83/83 82/82/82
f 84/84/84 78/78/78 79/79/79
f 78/78/78 84/84/84 83/83/83
f 86/86/86 89/89/89 85/85/85
f 89/89/89 86/86/86 90/90/90
f 87/87/87 90/90/90 86/86/86
f 90/90/90 87/87/87 91/91/91
f 88/88/88 91/91/91 87/87/87
f 91/91/91 88/88/88 92/92/92
f 90/90/90 93/93/93 89/89/89
f 93/93/93 90/90/90 94/94/94
f 91/91/91 94/94/94 90/90/90
f 94/94/94 91/91/91 95/95/95
f 92/92/92 95/95/95 91/91/91
f 95/95/95 92/92/92 96/96/96
f 94/94/94 97/97/97 93/93/93
f 97/97/97 94/94/94 98/98/98
f 95/95/95 98/98/98 94/94/94
f 98/98/98 95/95/95 99/99/99
f 96/96/96 99/99/99 95/95/95
f 99/99/99 96/96/96 100/100/100
f 105/105/105 102/102/102 101/101/101
f 102/102/102 105/105/105 106/106/106
f 106/106/106 103/103/103 102/102/102
f 103/103/103 106/106/106 107/107/107
f 107/107/107 104/104/104 103/103/103
f 104/104/104 107/107/107 108/108/108
f 109/109/109 106/106/106 105/105/105
f 106/106/106 109/109/109 110/110/110
f 110/110/110 107/107/107 106/106/106
f 107/107/107 110/110/110 111/111/111
f 111/111/111 108/108/108 107/107/107
f 108/108/108 111/111/111 112/112/112
f 113/113/113 110/110/110 109/109/109
f 110/110/110 113/113/113 114/114/114
f 114/114/114 111/111/111 110/110/110
f 111/111/111 114/114/114 115/115/115
f 115/115/115 112/112/112 111/111/111
f 112/112/112 115/115/115 116/116/116
f 118/118/118 121/121/121 117/117/117
f 121/121/121 118/118/118 122/122/122
f 119/119/119 122/122/122 118/118/118
f 122/122/122 119/119/119 123/123/123
f 120/120/120 123/123/123 119/119/119
f 123/123/123 120/120/120 124/124/124
f 122/122/122 125/125/125 121/121/121
f 125/125/125 122/122/122 126/126/126
f 123/123/123 126/126/126 122/122/122
f 126/126/126 123/123/123 127/127/127
f 124/124/124 127/127/127 123/123/123
f 127/127/127 124/124/124 128/128/128
f 129/129/129 126/126/126 130/130/130
f 129/129/129 125/125/125 126/126/126
f 130/130/130 126/126/126 131/131/131
f 131/131/131 127/127/127 132/132/132
f 131/131/131 126/126/126 127/127/127
f 133/133/133 132/132/132 127/127/127
f 133/133/133 127/127/127 128/128/128
f 134/134/134 133/133/133 128/128/128
f 130/130/130 135/135/135 129/129/129
f 135/135/135 130/130/130 136/136/136
f 131/131/131 136/136/136 130/130/130
f 136/136/136 131/131/131 137/137/137
f 132/132/132 137/137/137 131/131/131
f 137/137/137 132/132/132 138/138/138
f 133/133/133 138/138/138 132/132/132
f 138/138/138 133/133/133 139/139/139
f 134/134/134 139/139/139 133/133/133
f 139/139/139 134/134/134 140/140/140
f 145/145/145 142/142/142 141/141/141
f 142/142/142 145/145/145 146/146/146
f 146/146/146 143/143/143 142/142/142
f 143/143/143 146/146/146 147/147/147
f 147/147/147 144/144/144 143/143/143
f 144/144/144 147/147/147 148/148/148
f 149/149/149 146/146/146 145/145/145
f 146/146/146 149/149/149 150/150/150
f 150/150/150 147/147/147 146/146/146
f 147/147/147 150/150/150 151/151/151
f 151/151/151 148/148/148 147/147/147
f 148/148/148 151/151/151 152/152/152
f 154/154/154 150/150/150 153/153/153
f 150/150/150 149/149/149 153/153/153
f 155/155/155 150/150/150 154/154/154
f 156/156/156 151/151/151 155/155/155
f 151/151/151 150/150/150 155/155/155
f 151/151/151 156/156/156 157/157/157
f 152/152/152 151/151/151 157/157/157
f 152/152/152 157/157/157 158/158/158
f 159/159/159 154/154/154 153/153/153
f 154/154/154 159/159/159 160/160/160
f 160/160/160 155/155/155 154/154/154
f 155/155/155 160/160/160 161/161/161
f 161/161/161 156/156/156 155/155/155
f 156/156/156 161/161/161 162/162/162
f 162/162/162 157/157/157 156/156/156
f 157/157/157 162/162/162 163/163/163
f 163/163/163 158/158/158 157/157/157
f 158/158/158 163/163/163 164/164/164
f 165/165/165 169/169/169 168/168/168
f 166/166/166 170/170/170 169/169/169
f 167/167/167 171/171/171 170/170/170
f 169/169/169 172/172/172 168/168/168
f 172/172/172 169/169/169 173/173/173
f 170/170/170 173/173/173 169/169/169
f 173/173/173 170/170/170 174/174/174
f 171/171/171 174/174/174 170/170/170
f 174/174/174 171/171/171 175/175/175
f 173/173/173 176/176/176 172/172/172
f 176/176/176 173/173/173 177/177/177
f 174/174/174 177/177/177 173/173/173
f 177/177/177 174/174/174 178/178/178
f 175/175/175 178/178/178 174/174/174
f 178/178/178 175/175/175 179/179/179
f 180/180/180 184/184/184 183/183/183
f 181/181/181 185/185/185 184/184/184
f 182/182/182 186/186/186 185/185/185
f 184/184/184 187/187/187 183/183/183
f 187/187/187 184/184/184 188/188/188
f 185/185/185 188/188/188 184/184/184
f 188/188/188 185/185/185 189/189/189
f 186/186/186 189/189/189 185/185/185
f 189/189/189 186/186/186 190/190/190
f 188/188/188 191/191/191 187/187/187
f 191/191/191 188/188/188 192/192/192
f 189/189/189 192/192/192 188/188/188
f 192/192/192 189/189/189 193/193/193
f 190/190/190 193/193/193 189/189/189
f 193/193/193 190/190/190 194/194/194
f 198/198/198 199/199/199 195/195/195
f 199/199/199 200/200/200 196/196/196
f 200/200/200 201/201/201 197/197/197
f 202/202/202 199/199/199 198/198/198
f 199/199/199 202/202/202 203/203/203
f 203/203/203 200/200/200 199/199/199
f 200/200/200 203/203/203 204/204/204
f 204/204/204 201/201/201 200/200/200
f 201/201/201 204/204/204 205/205/205
f 206/206/206 203/203/203 202/202/202
f 203/203/203 206/206/206 207/207/207
f 207/207/207 204/204/204 203/203/203
f 204/204/204 207/207/207 208/208/208
f 208/208/208 205/205/205 204/204/204
f 205/205/205 208/208/208 209/209/209
f 213/213/213 214/214/214 210/210/210
f 214/214/214 215/215/215 211/211/211
f 215/215/215 216/216/216 212/212/212
f 217/217/217 214/214/214 213/213/213
f 214/214/214 217/217/217 218/218/218
f 218/218/218 215/215/215 214/214/214
f 215/215/215 218/218/218 219/219/219
f 219/219/219 216/216/216 215/215/215
f 216/216/216 219/219/219 220/220/220
f 221/221/221 218/218/218 217/217/217
f 218/218/218 221/221/221 222/222/222
f 222/222/222 219/219/219 218/218/218
f 219/219/219 222/222/222 223/223/223
f 223/223/223 220/220/220 219/219/219
f 220/220/220 223/223/223 224/224/224
f 226/226/226 229/229/229 225/225/225
f 229/229/229 226/226/226 230/230/230
f 227/227/227 230/230/230 226/226/226
f 230/230/230 227/227/227 231/231/231
f 228/228/228 231/231/231 227/227/227
f 231/231/231 228/228/228 232/232/232
f 230/230/230 233/233/233 229/229/229
f 233/233/233 230/230/230 234/234/234
f 231/231/231 234/234/234 230/230/230
f 234/234/234 231/231/231 235/235/235
f 232/232/232 235/235/235 231/231/231
f 235/235/235 232/232/232 236/236/236
f 234/234/234 237/237/237 233/233/233
f 237/237/237 234/234/234 238/238/238
f 235/235/235 238/238/238 234/234/234
f 238/238/238 235/235/235 239/239/239
f 236/236/236 239/239/239 235/235/235
f 239/239/239 236/236/236 240/240/240
f 242/242/242 245/245/245 241/241/241
f 245/245/245 242/242/242 246/246/246
f 243/243/243 246/246/246 242/242/242
f 246/246/246 243/243/243 247/247/247
f 244/244/244 247/247/247 243/243/243
f 247/247/247 244/244/244 248/248/248
f 246/246/246 249/249/249 245/245/245
f 249/249/249 246/246/246 250/250/250
f 247/247/247 250/250/250 246/246/246
f 250/250/250 247/247/247 251/251/251
f 248/248/248 251/251/251 247/247/247
f 251/251/251 248/248/248 252/252/252
f 250/250/250 253/253/253 249/249/249
f 253/253/253 250/250/250 254/254/254
f 251/251/251 254/254/254 250/250/250
f 254/254/254 251/251/251 255/255/255
f 252/252/252 255/255/255 251/251/251
f 255/255/255 252/252/252 256/256/256
f 261/261/261 258/258/258 257/257/257
f 258/258/258 261/261/261 262/262/262
f 262/262/262 259/259/259 258/258/258
f 259/259/259 262/262/262 263/263/263
f 263/263/263 260/260/260 259/259/259
f 260/260/260 263/263/263 264/264/264
f 265/265/265 262/262/262 261/261/261
f 262/262/262 265/265/265 266/266/266
f 266/266/266 263/263/263 262/262/262
f 263/263/263 266/266/266 267/267/267
f 267/267/267 264/264/264 263/263/263
f 264/264/264 267/267/267 268/268/268
f 269/269/269 266/266/266 265/265/265
f 266/266/266 269/269/269 270/270/270
f 270/270/270 267/267/267 266/266/266
f 267/267/267 270/270/270 271/271/271
f 271/271/271 268/268/268 267/267/267
f 268/268/268 271/271/271 272/272/272
f 277/277/277 274/274/274 273/273/273
f 274/274/274 277/277/277 278/278/278
f 278/278/278 275/275/275 274/274/274
f 275/275/275 278/278/278 279/279/279
f 279/279/279 276/276/276 275/275/275
f 276/276/276 279/279/279 280/280/280
f 281/281/281 278/278/278 277/277/277
f 278/278/278 281/281/281 282/282/282
f 282/282/282 279/279/279 278/278/278
f 279/279/279 282/282/282 283/283/283
f 283/283/283 280/280/280 279/279/279
f 280/280/280 283/283/283 284/284/284
f 285/285/285 282/282/282 281/281/281
f 282/282/282 285/285/285 286/286/286
f 286/286/286 283/283/283 282/282/282
f 283/283/283 286/286/286 287/287/287
f 287/287/287 284/284/284 283/283/283
f 284/284/284 287/287/287 288/288/288
f 290/290/290 293/293/293 289/289/289
f 293/293/293 290/290/290 294/294/294
f 291/291/291 294/294/294 290/290/290
f 294/294/294 291/291/291 295/295/295
f 292/292/292 295/295/295 291/291/291
f 295/295/295 292/292/292 296/296/296
f 294/294/294 297/297/297 293/293/293
f 297/297/297 294/294/294 298/298/298
f 295/295/295 298/298/298 294/294/294
f 298/298/298 295/295/295 299/299/299
f 296/296/296 299/299/299 295/295/295
f 299/299/299 296/296/296 300/300/300
f 298/298/298 301/301/301 297/297/297
f 301/301/301 298/298/298 302/302/302
f 299/299/299 302/302/302 298/298/298
f 302/302/302 299/299/299 303/303/303
f 300/300/300 303/303/303 299/299/299
f 303/303/303 300/300/300 304/304/304
f 306/306/306 309/309/309 305/305/305
f 309/309/309 306/306/306 310/310/310
f 307/307/307 310/310/310 306/306/306
f 310/310/310 307/307/307 311/311/311
f 308/308/308 311/311/311 307/307/307
f 311/311/311 308/308/308 312/312/312
f 310/310/310 313/313/313 309/309/309
f 313/313/313 310/310/310 314/314/314
f 311/311/311 314/314/314 310/310/310
f 314/314/314 311/311/311 315/315/315
f 312/312/312 315/315/315 311/311/311
f 315/315/315 312/312/312 316/316/316
f 314/314/314 317/317/317 313/313/313
f 317/317/317 314/314/314 318/318/318
f 315/315/315 318/318/318 314/314/314
f 318/318/318 315/315/315 319/319/319
f 316/316/316 319/319/319 315/315/315
f 319/319/319 316/316/316 320/320/320
f 325/325/325 322/322/322 321/321/321
f 322/322/322 325/325/325 326/326/326
f 326/326/326 323/323/323 322/322/322
f 323/323/323 326/326/326 327/327/327
f 327/327/327 324/324/324 323/323/323
f 324/324/324 327/327/327 328/328/328
f 329/329/329 326/326/326 325/325/325
f 326/326/326 329/329/329 330/330/330
f 330/330/330 327/327/327 326/326/326
f 327/327/327 330/330/330 331/331/331
f 331/331/331 328/328/328 327/327/327
f 328/328/328 331/331/331 332/332/332
f 333/333/333 330/330/330 329/329/329
f 330/330/330 333/333/333 334/334/334
f 334/334/334 331/331/331 330/330/330
f 331/331/331 334/334/334 335/335/335
f 335/335/335 332/332/332 331/331/331
f 332/332/332 335/335/335 336/336/336
f 341/341/341 338/338/338 337/337/337
f 338/338/338 341/341/341 342/342/342
f 342/342/342 339/339/339 338/338/338
f 339/339/339 342/342/342 343/343/343
f 343/343/343 340/340/340 339/339/339
f 340/340/340 343/343/343 344/344/344
f 345/345/345 342/342/342 341/341/341
f 342/342/342 345/345/345 346/346/346
f 346/346/346 343/343/343 342/342/342
f 343/343/343 346/346/346 347/347/347
f 347/347/347 344/344/344 343/343/343
f 344/344/344 347/347/347 348/348/348
f 349/349/349 346/346/346 345/345/345
f 346/346/346 349/349/349 350/350/350
f 350/350/350 347/347/347 346/346/346
f 347/347/347 350/350/350 351/351/351
f 351/351/351 348/348/348 347/347/347
f 348/348/348 351/351/351 352/352/352
f 355/355/355 358/358/358 354/354/354
f 358/358/358 355/355/355 359/359/359
f 356/356/356 359/359/359 355/355/355
f 359/359/359 356/356/356 360/360/360
f 358/358/358 361/361/361 357/357/357
f 361/361/361 358/358/358 362/362/362
f 359/359/359 362/362/362 358/358/358
f 362/362/362 359/359/359 363/363/363
f 360/360/360 363/363/363 359/359/359
f 363/363/363 360/360/360 364/364/364
f 363/363/363 365/365/365 362/362/362
f 365/365/365 363/363/363 366/366/366
f 364/364/364 366/366/366 363/363/363
f 366/366/366 364/364/364 367/367/367
f 369/369/369 368/368/368 353/353/353
f 369/369/369 353/353/353 354/354/354
f 369/369/369 358/358/358 370/370/370
f 369/369/369 354/354/354 358/358/358
f 371/371/371 370/370/370 358/358/358
f 371/371/371 358/358/358 357/357/357
f 373/373/373 372/372/372 361/361/361
f 373/373/373 361/361/361 362/362/362
f 373/373/373 362/362/362 365/365/365
f 373/373/373 365/365/365 374/374/374
f 376/376/376 379/379/379 375/375/375
f 379/379/379 376/376/376 380/380/380
f 377/377/377 380/380/380 376/376/376
f 380/380/380 377/377/377 381/381/381
f 378/378/378 381/381/381 377/377/377
f 381/381/381 378/378/378 382/382/382
f 380/380/380 383/383/383 379/379/379
f 383/383/383 380/380/380 384/384/384
f 381/381/381 384/384/384 380/380/380
f 384/384/384 381/381/381 385/385/385
f 384/384/384 386/386/386 383/383/383
f 386/386/386 384/384/384 387/387/387
f 385/385/385 387/387/387 384/384/384
f 387/387/387 385/385/385 388/388/388
f 390/390/390 382/382/382 389/389/389
f 390/390/390 381/381/381 382/382/382
f 390/390/390 385/385/385 381/381/381
f 391/391/391 385/385/385 390/390/390
f 391/391/391 392/392/392 388/388/388
f 391/391/391 388/388/388 385/385/385
f 392/392/392 393/393/393 388/388/388
f 398/398/398 395/395/395 394/394/394
f 395/395/395 398/398/398 399/399/399
f 399/399/399 396/396/396 395/395/395
f 396/396/396 399/399/399 400/400/400
f 400/400/400 397/397/397 396/396/396
f 397/397/397 400/400/400 401/401/401
f 402/402/402 399/399/399 398/398/398
f 399/399/399 402/402/402 403/403/403
f 403/403/403 400/400/400 399/399/399
f 400/400/400 403/403/403 404/404/404
f 405/405/405 403/403/403 402/402/402
f 403/403/403 405/405/405 406/406/406
f 406/406/406 404/404/404 403/403/403
f 404/404/404 406/406/406 407/407/407
f 408/408/408 401/401/401 409/409/409
f 401/401/401 400/400/400 409/409/409
f 400/400/400 404/404/404 409/409/409
f 409/409/409 404/404/404 410/410/410
f 407/407/407 411/411/411 410/410/410
f 404/404/404 407/407/407 410/410/410
f 407/407/407 412/412/412 411/411/411
f 418/418/418 415/415/415 414/414/414
f 415/415/415 418/418/418 419/419/419
f 419/419/419 416/416/416 415/415/415
f 416/416/416 419/419/419 420/420/420
f 421/421/421 418/418/418 417/417/417
f 418/418/418 421/421/421 422/422/422
f 422/422/422 419/419/419 418/418/418
f 419/419/419 422/422/422 423/423/423
f 423/423/423 420/420/420 419/419/419
f 420/420/420 423/423/423 424/424/424
f 425/425/425 423/423/423 422/422/422
f 423/423/423 425/425/425 426/426/426
f 426/426/426 424/424/424 423/423/423
f 424/424/424 426/426/426 427/427/427
f 413/413/413 428/428/428 429/429/429
f 414/414/414 413/413/413 429/429/429
f 430/430/430 418/418/418 429/429/429
f 418/418/418 414/414/414 429/429/429
f 418/418/418 430/430/430 431/431/431
f 417/417/417 418/418/418 431/431/431
f 421/421/421 432/432/432 433/433/433
f 422/422/422 421/421/421 433/433/433
f 425/425/425 422/422/422 433/433/433
f 434/434/434 425/425/425 433/433/433
f 436/436/436 439/439/439 435/435/435
f 439/439/439 436/436/436 440/440/440
f 437/437/437 440/440/440 436/436/436
f 440/440/440 437/437/437 441/441/441
f 439/439/439 442/442/442 438/438/438
f 442/442/442 439/439/439 443/443/443
f 440/440/440 443/443/443 439/439/439
f 443/443/443 440/440/440 444/444/444
f 441/441/441 444/444/444 440/440/440
f 444/444/444 441/441/441 445/445/445
f 443/443/443 446/446/446 442/442/442
f 446/446/446 443/443/443 447/447/447
f 444/444/444 447/447/447 443/443/443
f 447/447/447 444/444/444 448/448/448
f 445/445/445 448/448/448 444/444/444
f 448/448/448 445/445/445 449/449/449
f 451/451/451 450/450/450 435/435/435
f 451/451/451 435/435/435 439/439/439
f 451/451/451 438/438/438 452/452/452
f 451/451/451 439/439/439 438/438/438
f 454/454/454 456/456/456 453/453/453
f 456/456/456 454/454/454 457/457/457
f 455/455/455 457/457/457 454/454/454
f 457/457/457 455/455/455 458/458/458
f 457/457/457 460/460/460 456/456/456
f 460/460/460 457/457/457 461/461/461
f 458/458/458 461/461/461 457/457/457
f 461/461/461 458/458/458 462/462/462
f 459/459/459 462/462/462 458/458/458
f 462/462/462 459/459/459 463/463/463
f 461/461/461 464/464/464 460/460/460
f 464/464/464 461/461/461 465/465/465
f 462/462/462 465/465/465 461/461/461
f 465/465/465 462/462/462 466/466/466
f 463/463/463 466/466/466 462/462/462
f 466/466/466 463/463/463 467/467/467
f 468/468/468 469/469/469 459/459/459
f 468/468/468 459/459/459 458/458/458
f 468/468/468 458/458/458 455/455/455
f 473/473/473 471/471/471 470/470/470
f 471/471/471 473/473/473 474/474/474
f 474/474/474 472/472/472 471/471/471
f 472/472/472 474/474/474 475/475/475
f 477/477/477 474/474/474 473/473/473
f 474/474/474 477/477/477 478/478/478
f 478/478/478 475/475/475 474/474/474
f 475/475/475 478/478/478 479/479/479
f 479/479/479 476/476/476 475/475/475
f 476/476/476 479/479/479 480/480/480
f 481/481/481 478/478/478 477/477/477
f 478/478/478 481/481/481 482/482/482
f 482/482/482 479/479/479 478/478/478
f 479/479/479 482/482/482 483/483/483
f 483/483/483 480/480/480 479/479/479
f 480/480/480 483/483/483 484/484/484
f 476/476/476 486/486/486 485/485/485
f 475/475/475 476/476/476 485/485/485
f 472/472/472 475/475/475 485/485/485
f 491/491/491 488/488/488 487/487/487
f 488/488/488 491/491/491 492/492/492
f 492/492/492 489/489/489 488/488/488
f 489/489/489 492/492/492 493/493/493
f 494/494/494 491/491/491 490/490/490
f 491/491/491 494/494/494 495/495/495
f 495/495/495 492/492/492 491/491/491
f 492/492/492 495/495/495 496/496/496
f 496/496/496 493/493/493 492/492/492
f 493/493/493 496/496/496 497/497/497
f 498/498/498 495/495/495 494/494/494
f 495/495/495 498/498/498 499/499/499
f 499/499/499 496/496/496 495/495/495
f 496/496/496 499/499/499 500/500/500
f 500/500/500 497/497/497 496/496/496
f 497/497/497 500/500/500 501/501/501
f 487/487/487 502/502/502 503/503/503
f 491/491/491 487/487/487 503/503/503
f 504/504/504 490/490/490 503/503/503
f 490/490/490 491/491/491 503/503/503
f 506/506/506 509/509/509 505/505/505
f 509/509/509 506/506/506 510/510/510
f 507/507/507 510/510/510 506/506/506
f 510/510/510 507/507/507 511/511/511
f 508/508/508 511/511/511 507/507/507
f 511/511/511 508/508/508 512/512/512
f 510/510/510 513/513/513 509/509/509
f 513/513/513 510/510/510 514/514/514
f 511/511/511 514/514/514 510/510/510
f 514/514/514 511/511/511 515/515/515
f 512/512/512 515/515/515 511/511/511
f 515/515/515 512/512/512 516/516/516
f 514/514/514 517/517/517 513/513/513
f 515/515/515 518/518/518 514/514/514
f 516/516/516 519/519/519 515/515/515
f 521/521/521 524/524/524 520/520/520
f 524/524/524 521/521/521 525/525/525
f 522/522/522 525/525/525 521/521/521
f 525/525/525 522/522/522 526/526/526
f 523/523/523 526/526/526 522/522/522
f 526/526/526 523/523/523 527/527/527
f 525/525/525 528/528/528 524/524/524
f 528/528/528 525/525/525 529/529/529
f 526/526/526 529/529/529 525/525/525
f 529/529/529 526/526/526 530/530/530
f 527/527/527 530/530/530 526/526/526
f 530/530/530 527/527/527 531/531/531
f 529/529/529 532/532/532 528/528/528
f 530/530/530 533/533/533 529/529/529
f 531/531/531 534/534/534 530/530/530
f 539/539/539 536/536/536 535/535/535
f 536/536/536 539/539/539 540/540/540
f 540/540/540 537/537/537 536/536/536
f 537/537/537 540/540/540 541/541/541
f 541/541/541 538/538/538 537/537/537
f 538/538/538 541/541/541 542/542/542
f 543/543/543 540/540/540 539/539/539
f 540/540/540 543/543/543 544/544/544
f 544/544/544 541/541/541 540/540/540
f 541/541/541 544/544/544 545/545/545
f 545/545/545 542/542/542 541/541/541
f 542/542/542 545/545/545 546/546/546
f 543/543/543 547/547/547 544/544/544
f 544/544/544 548/548/548 545/545/545
f 545/545/545 549/549/549 546/546/546
f 554/554/554 551/551/551 550/550/550
f 551/551/551 554/554/554 555/555/555
f 555/555/555 552/552/552 551/551/551
f 552/552/552 555/555/555 556/556/556
f 556/556/556 553/553/553 552/552/552
f 553/553/553 556/556/556 557/557/557
f 558/558/558 555/555/555 554/554/554
f 555/555/555 558/558/558 559/559/559
f 559/559/559 556/556/556 555/555/555
f 556/556/556 559/559/559 560/560/560
f 560/560/560 557/557/557 556/556/556
f 557/557/557 560/560/560 561/561/561
f 558/558/558 562/562/562 559/559/559
f 559/559/559 563/563/563 560/560/560
f 560/560/560 564/564/564 561/561/561
f 566/566/566 569/569/569 565/565/565
f 569/569/569 566/566/566 570/570/570
f 567/567/567 570/570/570 566/566/566
f 570/570/570 567/567/567 571/571/571
f 568/568/568 571/571/571 567/567/567
f 571/571/571 568/568/568 572/572/572
f 570/570/570 573/573/573 569/569/569
f 573/573/573 570/570/570 574/574/574
f 571/571/571 574/574/574 570/570/570
f 574/574/574 571/571/571 575/575/575
f 572/572/572 575/575/575 571/571/571
f 575/575/575 572/572/572 576/576/576
f 577/577/577 578/578/578 566/566/566
f 577/577/577 566/566/566 565/565/565
f 578/578/578 579/579/579 566/566/566
f 579/579/579 580/580/580 567/567/567
f 579/579/579 567/567/567 566/566/566
f 581/581/581 567/567/567 580/580/580
f 581/581/581 568/568/568 567/567/567
f 582/582/582 568/568/568 581/581/581
f 577/577/577 584/584/584 578/578/578
f 584/584/584 577/577/577 583/583/583
f 578/578/578 585/585/585 579/579/579
f 585/585/585 578/578/578 584/584/584
f 579/579/579 586/586/586 580/580/580
f 586/586/586 579/579/579 585/585/585
f 580/580/580 587/587/587 581/581/581
f 587/587/587 580/580/580 586/586/586
f 581/581/581 588/588/588 582/582/582
f 588/588/588 581/581/581 587/587/587
f 593/593/593 590/590/590 589/589/589
f 590/590/590 593/593/593 594/594/594
f 594/594/594 591/591/591 590/590/590
f 591/591/591 594/594/594 595/595/595
f 595/595/595 592/592/592 591/591/591
f 592/592/592 595/595/595 596/596/596
f 597/597/597 594/594/594 593/593/593
f 594/594/594 597/597/597 598/598/598
f 598/598/598 595/595/595 594/594/594
f 595/595/595 598/598/598 599/599/599
f 599/599/599 596/596/596 595/595/595
f 596/596/596 599/599/599 600/600/600
f 590/590/590 602/602/602 601/601/601
f 589/589/589 590/590/590 601/601/601
f 590/590/590 603/603/603 602/602/602
f 591/591/591 604/604/604 603/603/603
f 590/590/590 591/591/591 603/603/603
f 604/604/604 591/591/591 605/605/605
f 591/591/591 592/592/592 605/605/605
f 605/605/605 592/592/592 606/606/606
f 608/608/608 601/601/601 602/602/602
f 601/601/601 608/608/608 607/607/607
f 609/609/609 602/602/602 603/603/603
f 602/602/602 609/609/609 608/608/608
f 610/610/610 603/603/603 604/604/604
f 603/603/603 610/610/610 609/609/609
f 611/611/611 604/604/604 605/605/605
f 604/604/604 611/611/611 610/610/610
f 612/612/612 605/605/605 606/606/606
f 605/605/605 612/612/612 611/611/611
f 613/613/613 617/617/617 616/616/616
f 614/614/614 618/618/618 617/617/617
f 615/615/615 619/619/619 618/618/618
f 617/617/617 620/620/620 616/616/616
f 620/620/620 617/617/617 621/621/621
f 618/618/618 621/621/621 617/617/617
f 621/621/621 618/618/618 622/622/622
f 619/619/619 622/622/622 618/618/618
f 622/622/622 619/619/619 623/623/623
f 621/621/621 624/624/624 620/620/620
f 624/624/624 621/621/621 625/625/625
f 622/622/622 625/625/625 621/621/621
f 625/625/625 622/622/622 626/626/626
f 623/623/623 626/626/626 622/622/622
f 626/626/626 623/623/623 627/627/627
f 628/628/628 632/632/632 631/631/631
f 629/629/629 633/633/633 632/632/632
f 630/630/630 634/634/634 633/633/633
f 632/632/632 635/635/635 631/631/631
f 635/635/635 632/632/632 636/636/636
f 633/633/633 636/636/636 632/632/632
f 636/636/636 633/633/633 637/637/637
f 634/634/634 637/637/637 633/633/633
f 637/637/637 634/634/634 638/638/638
f 636/636/636 639/639/639 635/635/635
f 639/639/639 636/636/636 640/640/640
f 637/637/637 640/640/640 636/636/636
f 640/640/640 637/637/637 641/641/641
f 638/638/638 641/641/641 637/637/637
f 641/641/641 638/638/638 642/642/642
f 646/646/646 647/647/647 643/643/643
f 647/647/647 648/648/648 644/644/644
f 648/648/648 649/649/649 645/645/645
f 650/650/650 647/647/647 646/646/646
f 647/647/647 650/650/650 651/651/651
f 651/651/651 648/648/648 647/647/647
f 648/648/648 651/651/651 652/652/652
f 652/652/652 649/649/649 648/648/648
f 649/649/649 652/652/652 653/653/653
f 654/654/654 651/651/651 650/650/650
f 651/651/651 654/654/654 655/655/655
f 655/655/655 652/652/652 651/651/651
f 652/652/652 655/655/655 656/656/656
f 656/656/656 653/653/653 652/652/652
f 653/653/653 656/656/656 657/657/657
f 661/661/661 662/662/662 658/658/658
f 662/662/662 663/663/663 659/659/659
f 663/663/663 664/664/664 660/660/660
f 665/665/665 662/662/662 661/661/661
f 662/662/662 665/665/665 666/666/666
f 666/666/666 663/663/663 662/662/662
f 663/663/663 666/666/666 667/667/667
f 667/667/667 664/664/664 663/663/663
f 664/664/664 667/667/667 668/668/668
f 669/669/669 666/666/666 665/665/665
f 666/666/666 669/669/669 670/670/670
f 670/670/670 667/667/667 666/666/666
f 667/667/667 670/670/670 671/671/671
f 671/671/671 668/668/668 667/667/667
f 668/668/668 671/671/671 672/672/672
f 674/674/674 677/677/677 673/673/673
f 677/677/677 674/674/674 678/678/678
f 675/675/675 678/678/678 674/674/674
f 678/678/678 675/675/675 679/679/679
f 676/676/676 679/679/679 675/675/675
f 679/679/679 676/676/676 680/680/680
f 678/678/678 681/681/681 677/677/677
f 681/681/681 678/678/678 682/682/682
f 679/679/679 682/682/682 678/678/678
f 682/682/682 679/679/679 683/683/683
f 680/680/680 683/683/683 679/679/679
f 683/683/683 680/680/680 684/684/684
f 682/682/682 685/685/685 681/681/681
f 685/685/685 682/682/682 686/686/686
f 683/683/683 686/686/686 682/682/682
f 686/686/686 683/683/683 687/687/687
f 684/684/684 687/687/687 683/683/683
f 687/687/687 684/684/684 688/688/688
f 690/690/690 693/693/693 689/689/689
f 693/693/693 690/690/690 694/694/694
f 691/691/691 694/694/694 690/690/690
f 694/694/694 691/691/691 695/695/695
f 692/692/692 695/695/695 691/691/691
f 695/695/695 692/692/692 696/696/696
f 694/694/694 697/697/697 693/693/693
f 697/697/697 694/694/694 698/698/698
f 695/695/695 698/698/698 694/694/694
f 698/698/698 695/695/695 699/699/699
f 696/696/696 699/699/699 695/695/695
f 699/699/699 696/696/696 700/700/700
f 698/698/698 701/701/701 697/697/697
f 701/701/701 698/698/698 702/702/702
f 699/699/699 702/702/702 698/698/698
f 702/702/702 699/699/699 703/703/703
f 704/704/704 700/700/700 705/705/705
f 704/704/704 699/699/699 700/700/700
f 704/704/704 703/703/703 699/699/699
f 710/710/710 707/707/707 706/706/706
f 707/707/707 710/710/710 711/711/711
f 711/711/711 708/708/708 707/707/707
f 708/708/708 711/711/711 712/712/712
f 712/712/712 709/709/709 708/708/708
f 709/709/709 712/712/712 713/713/713
f 714/714/714 711/711/711 710/710/710
f 711/711/711 714/714/714 715/715/715
f 715/715/715 712/712/712 711/711/711
f 712/712/712 715/715/715 716/716/716
f 716/716/716 713/713/713 712/712/712
f 713/713/713 716/716/716 717/717/717
f 718/718/718 715/715/715 714/714/714
f 715/715/715 718/718/718 719/719/719
f 719/719/719 716/716/716 715/715/715
f 716/716/716 719/719/719 720/720/720
f 722/722/722 717/717/717 721/721/721
f 717/717/717 716/716/716 721/721/721
f 716/716/716 720/720/720 721/721/721
f 727/727/727 724/724/724 723/723/723
f 724/724/724 727/727/727 728/728/728
f 728/728/728 725/725/725 724/724/724
f 725/725/725 728/728/728 729/729/729
f 729/729/729 726/726/726 725/725/725
f 726/726/726 729/729/729 730/730/730
f 731/731/731 728/728/728 727/727/727
f 728/728/728 731/731/731 732/732/732
f 732/732/732 729/729/729 728/728/728
f 729/729/729 732/732/732 733/733/733
f 733/733/733 730/730/730 729/729/729
f 730/730/730 733/733/733 734/734/734
f 735/735/735 732/732/732 731/731/731
f 732/732/732 735/735/735 736/736/736
f 736/736/736 733/733/733 732/732/732
f 733/733/733 736/736/736 737/737/737
f 737/737/737 734/734/734 733/733/733
f 734/734/734 737/737/737 738/738/738
f 740/740/740 743/743/743 739/739/739
f 743/743/743 740/740/740 744/744/744
f 741/741/741 744/744/744 740/740/740
f 744/744/744 741/741/741 745/745/745
f 742/742/742 745/745/745 741/741/741
f 745/745/745 742/742/742 746/746/746
f 744/744/744 747/747/747 743/743/743
f 747/747/747 744/744/744 748/748/748
f 745/745/745 748/748/748 744/744/744
f 748/748/748 745/745/745 749/749/749
f 746/746/746 749/749/749 745/745/745
f 749/749/749 746/746/746 750/750/750
f 748/748/748 751/751/751 747/747/747
f 751/751/751 748/748/748 752/752/752
f 749/749/749 752/752/752 748/748/748
f 752/752/752 749/749/749 753/753/753
f 750/750/750 753/753/753 749/749/749
f 753/753/753 750/750/750 754/754/754
f 756/756/756 758/758/758 755/755/755
f 758/758/758 756/756/756 759/759/759
f 757/757/757 759/759/759 756/756/756
f 759/759/759 757/757/757 760/760/760
f 759/759/759 761/761/761 758/758/758
f 761/761/761 759/759/759 762/762/762
f 760/760/760 762/762/762 759/759/759
f 762/762/762 760/760/760 763/763/763
f 762/762/762 765/765/765 761/761/761
f 765/765/765 762/762/762 766/766/766
f 763/763/763 766/766/766 762/762/762
f 766/766/766 763/763/763 767/767/767
f 764/764/764 767/767/767 763/763/763
f 767/767/767 764/764/764 768/768/768
f 770/770/770 769/769/769 764/764/764
f 770/770/770 764/764/764 763/763/763
f 770/770/770 763/763/763 760/760/760
f 771/771/771 770/770/770 760/760/760
f 771/771/771 760/760/760 757/757/757
f 772/772/772 771/771/771 757/757/757
f 772/772/772 757/757/757 773/773/773
f 777/777/777 775/775/775 774/774/774
f 775/775/775 777/777/777 778/778/778
f 778/778/778 776/776/776 775/775/775
f 776/776/776 778/778/778 779/779/779
f 780/780/780 778/778/778 777/777/777
f 778/778/778 780/780/780 781/781/781
f 781/781/781 779/779/779 778/778/778
f 779/779/779 781/781/781 782/782/782
f 784/784/784 781/781/781 780/780/780
f 781/781/781 784/784/784 785/785/785
f 785/785/785 782/782/782 781/781/781
f 782/782/782 785/785/785 786/786/786
f 786/786/786 783/783/783 782/782/782
f 783/783/783 786/786/786 787/787/787
f 783/783/783 788/788/788 789/789/789
f 782/782/782 783/783/783 789/789/789
f 779/779/779 782/782/782 789/789/789
f 779/779/779 789/789/789 790/790/790
f 776/776/776 779/779/779 790/790/790
f 776/776/776 790/790/790 791/791/791
f 792/792/792 776/776/776 791/791/791
f 797/797/797 794/794/794 793/793/793
f 794/794/794 797/797/797 798/798/798
f 798/798/798 795/795/795 794/794/794
f 795/795/795 798/798/798 799/799/799
f 799/799/799 796/796/796 795/795/795
f 796/796/796 799/799/799 800/800/800
f 801/801/801 798/798/798 797/797/797
f 798/798/798 801/801/801 802/802/802
f 802/802/802 799/799/799 798/798/798
f 799/799/799 802/802/802 803/803/803
f 803/803/803 800/800/800 799/799/799
f 800/800/800 803/803/803 804/804/804
f 805/805/805 802/802/802 801/801/801
f 802/802/802 805/805/805 806/806/806
f 806/806/806 803/803/803 802/802/802
f 803/803/803 806/806/806 807/807/807
f 807/807/807 804/804/804 803/803/803
f 804/804/804 807/807/807 808/808/808
f 810/810/810 813/813/813 809/809/809
f 813/813/813 810/810/810 814/814/814
f 811/811/811 814/814/814 810/810/810
f 814/814/814 811/811/811 815/815/815
f 812/812/812 815/815/815 811/811/811
f 815/815/815 812/812/812 816/816/816
f 814/814/814 817/817/817 813/813/813
f 817/817/817 814/814/814 818/818/818
f 815/815/815 818/818/818 814/814/814
f 818/818/818 815/815/815 819/819/819
f 816/816/816 819/819/819 815/815/815
f 819/819/819 816/816/816 820/820/820
f 818/818/818 821/821/821 817/817/817
f 821/821/821 818/818/818 822/822/822
f 819/819/819 822/822/822 818/818/818
f 822/822/822 819/819/819 823/823/823
f 820/820/820 823/823/823 819/819/819
f 823/823/823 820/820/820 824/824/824
f 826/826/826 829/829/829 825/825/825
f 829/829/829 826/826/826 830/830/830
f 827/827/827 830/830/830 826/826/826
f 830/830/830 827/827/827 831/831/831
f 828/828/828 831/831/831 827/827/827
f 831/831/831 828/828/828 832/832/832
f 830/830/830 833/833/833 829/829/829
f 833/833/833 830/830/830 834/834/834
f 831/831/831 834/834/834 830/830/830
f 834/834/834 831/831/831 835/835/835
f 832/832/832 835/835/835 831/831/831
f 835/835/835 832/832/832 836/836/836
f 834/834/834 837/837/837 833/833/833
f 837/837/837 834/834/834 838/838/838
f 835/835/835 838/838/838 834/834/834
f 838/838/838 835/835/835 839/839/839
f 836/836/836 839/839/839 835/835/835
f 839/839/839 836/836/836 840/840/840
f 845/845/845 842/842/842 841/841/841
f 842/842/842 845/845/845 846/846/846
f 846/846/846 843/843/843 842/842/842
f 843/843/843 846/846/846 847/847/847
f 847/847/847 844/844/844 843/843/843
f 844/844/844 847/847/847 848/848/848
f 849/849/849 846/846/846 845/845/845
f 846/846/846 849/849/849 850/850/850
f 850/850/850 847/847/847 846/846/846
f 847/847/847 850/850/850 851/851/851
f 851/851/851 848/848/848 847/847/847
f 848/848/848 851/851/851 852/852/852
f 853/853/853 850/850/850 849/849/849
f 850/850/850 853/853/853 854/854/854
f 854/854/854 851/851/851 850/850/850
f 851/851/851 854/854/854 855/855/855
f 855/855/855 852/852/852 851/851/851
f 852/852/852 855/855/855 856/856/856
f 861/861/861 858/858/858 857/857/857
f 858/858/858 861/861/861 862/862/862
f 862/862/862 859/859/859 858/858/858
f 859/859/859 862/862/862 863/863/863
f 863/863/863 860/860/860 859/859/859
f 860/860/860 863/863/863 864/864/864
f 865/865/865 862/862/862 861/861/861
f 862/862/862 865/865/865 866/866/866
f 866/866/866 863/863/863 862/862/862
f 863/863/863 866/866/866 867/867/867
f 867/867/867 864/864/864 863/863/863
f 864/864/864 867/867/867 868/868/868
f 869/869/869 866/866/866 865/865/865
f 866/866/866 869/869/869 870/870/870
f 870/870/870 867/867/867 866/866/866
f 867/867/867 870/870/870 871/871/871
f 871/871/871 868/868/868 867/867/867
f 868/868/868 871/871/871 872/872/872
f 874/874/874 877/877/877 873/873/873
f 877/877/877 874/874/874 878/878/878
f 875/875/875 878/878/878 874/874/874
f 878/878/878 875/875/875 879/879/879
f 876/876/876 879/879/879 875/875/875
f 879/879/879 876/876/876 880/880/880
f 878/878/878 881/881/881 877/877/877
f 881/881/881 878/878/878 882/882/882
f 879/879/879 882/882/882 878/878/878
f 882/882/882 879/879/879 883/883/883
f 880/880/880 883/883/883 879/879/879
f 883/883/883 880/880/880 884/884/884
f 882/882/882 885/885/885 881/881/881
f 885/885/885 882/882/882 886/886/886
f 883/883/883 886/886/886 882/882/882
f 886/886/886 883/883/883 887/887/887
f 884/884/884 887/887/887 883/883/883
f 887/887/887 884/884/884 888/888/888
f 890/890/890 893/893/893 889/889/889
f 893/893/893 890/890/890 894/894/894
f 891/891/891 894/894/894 890/890/890
f 894/894/894 891/891/891 895/895/895
f 892/892/892 895/895/895 891/891/891
f 895/895/895 892/892/892 896/896/896
f 894/894/894 897/897/897 893/893/893
f 897/897/897 894/894/894 898/898/898
f 895/895/895 898/898/898 894/894/894
f 898/898/898 895/895/895 899/899/899
f 896/896/896 899/899/899 895/895/895
f 899/899/899 896/896/896 900/900/900
f 898/898/898 901/901/901 897/897/897
f 901/901/901 898/898/898 902/902/902
f 899/899/899 902/902/902 898/898/898
f 902/902/902 899/899/899 903/903/903
f 900/900/900 903/903/903 899/899/899
f 903/903/903 900/900/900 904/904/904
f 909/909/909 906/906/906 905/905/905
f 906/906/906 909/909/909 910/910/910
f 910/910/910 907/907/907 906/906/906
f 907/907/907 910/910/910 911/911/911
f 911/911/911 908/908/908 907/907/907
f 908/908/908 911/911/911 912/912/912
f 913/913/913 910/910/910 909/909/909
f 910/910/910 913/913/913 914/914/914
f 914/914/914 911/911/911 910/910/910
f 911/911/911 914/914/914 915/915/915
f 915/915/915 912/912/912 911/911/911
f 912/912/912 915/915/915 916/916/916
f 917/917/917 914/914/914 913/913/913
f 914/914/914 917/917/917 918/918/918
f 918/918/918 915/915/915 914/914/914
f 915/915/915 918/918/918 919/919/919
f 919/919/919 916/916/916 915/915/915
f 916/916/916 919/919/919 920/920/920
f 925/925/925 922/922/922 921/921/921
f 922/922/922 925/925/925 926/926/926
f 926/926/926 923/923/923 922/922/922
f 923/923/923 926/926/926 927/927/927
f 927/927/927 924/924/924 923/923/923
f 924/924/924 927/927/927 928/928/928
f 929/929/929 926/926/926 925/925/925
f 926/926/926 929/929/929 930/930/930
f 930/930/930 927/927/927 926/926/926
f 927/927/927 930/930/930 931/931/931
f 931/931/931 928/928/928 927/927/927
f 928/928/928 931/931/931 932/932/932
f 933/933/933 930/930/930 929/929/929
f 930/930/930 933/933/933 934/934/934
f 934/934/934 931/931/931 930/930/930
f 931/931/931 934/934/934 935/935/935
f 935/935/935 932/932/932 931/931/931
f 932/932/932 935/935/935 936/936/936
f 938/938/938 941/941/941 937/937/937
f 941/941/941 938/938/938 942/942/942
f 939/939/939 942/942/942 938/938/938
f 942/942/942 939/939/939 943/943/943
f 940/940/940 943/943/943 939/939/939
f 943/943/943 940/940/940 944/944/944
f 942/942/942 945/945/945 941/941/941
f 945/945/945 942/942/942 946/946/946
f 943/943/943 946/946/946 942/942/942
f 946/946/946 943/943/943 947/947/947
f 944/944/944 947/947/947 943/943/943
f 947/947/947 944/944/944 948/948/948
f 946/946/946 949/949/949 945/945/945
f 949/949/949 946/946/946 950/950/950
f 947/947/947 950/950/950 946/946/946
f 950/950/950 947/947/947 951/951/951
f 948/948/948 951/951/951 947/947/947
f 951/951/951 948/948/948 952/952/952
f 954/954/954 957/957/957 953/953/953
f 957/957/957 954/954/954 958/958/958
f 955/955/955 958/958/958 954/954/954
f 958/958/958 955/955/955 959/959/959
f 956/956/956 959/959/959 955/955/955
f 959/959/959 956/956/956 960/960/960
f 958/958/958 961/961/961 957/957/957
f 961/961/961 958/958/958 962/962/962
f 959/959/959 962/962/962 958/958/958
f 962/962/962 959/959/959 963/963/963
f 960/960/960 963/963/963 959/959/959
f 963/963/963 960/960/960 964/964/964
f 962/962/962 965/965/965 961/961/961
f 965/965/965 962/962/962 966/966/966
f 963/963/963 966/966/966 962/962/962
f 966/966/966 963/963/963 967/967/967
f 964/964/964 967/967/967 963/963/963
f 967/967/967 964/964/964 968/968/968
f 973/973/973 970/970/970 969/969/969
f 970/970/970 973/973/973 974/974/974
f 974/974/974 971/971/971 970/970/970
f 971/971/971 974/974/974 975/975/975
f 975/975/975 972/972/972 971/971/971
f 972/972/972 975/975/975 976/976/976
f 977/977/977 974/974/974 973/973/973
f 974/974/974 977/977/977 978/978/978
f 978/978/978 975/975/975 974/974/974
f 975/975/975 978/978/978 979/979/979
f 979/979/979 976/976/976 975/975/975
f 976/976/976 979/979/979 980/980/980
f 981/981/981 978/978/978 977/977/977
f 978/978/978 981/981/981 982/982/982
f 982/982/982 979/979/979 978/978/978
f 979/979/979 982/982/982 983/983/983
f 983/983/983 980/980/980 979/979/979
f 980/980/980 983/983/983 984/984/984
f 989/989/989 986/986/986 985/985/985
f 986/986/986 989/989/989 990/990/990
f 990/990/990 987/987/987 986/986/986
f 987/987/987 990/990/990 991/991/991
f 991/991/991 988/988/988 987/987/987
f 988/988/988 991/991/991 992/992/992
f 993/993/993 990/990/990 989/989/989
f 990/990/990 993/993/993 994/994/994
f 994/994/994 991/991/991 990/990/990
f 991/991/991 994/994/994 995/995/995
f 995/995/995 992/992/992 991/991/991
f 992/992/992 995/995/995 996/996/996
f 997/997/997 994/994/994 993/993/993
f 994/994/994 997/997/997 998/998/998
f 998/998/998 995/995/995 994/994/994
f 995/995/995 998/998/998 999/999/999
f 999/999/999 996/996/996 995/995/995
f 996/996/996 999/999/999 1000/1000/1000
f 1002/1002/1002 1005/1005/1005 1001/1001/1001
f 1005/1005/1005 1002/1002/1002 1006/1006/1006
f 1003/1003/1003 1006/1006/1006 1002/1002/1002
f 1006/1006/1006 1003/1003/1003 1007/1007/1007
f 1004/1004/1004 1007/1007/1007 1003/1003/1003
f 1007/1007/1007 1004/1004/1004 1008/1008/1008
f 1006/1006/1006 1009/1009/1009 1005/1005/1005
f 1009/1009/1009 1006/1006/1006 1010/1010/1010
f 1007/1007/1007 1010/1010/1010 1006/1006/1006
f 1010/1010/1010 1007/1007/1007 1011/1011/1011
f 1008/1008/1008 1011/1011/1011 1007/1007/1007
f 1011/1011/1011 1008/1008/1008 1012/1012/1012
f 1010/1010/1010 1013/1013/1013 1009/1009/1009
f 1013/1013/1013 1010/1010/1010 1014/1014/1014
f 1011/1011/1011 1014/1014/1014 1010/1010/1010
f 1014/1014/1014 1011/1011/1011 1015/1015/1015
f 1012/1012/1012 1015/1015/1015 1011/1011/1011
f 1015/1015/1015 1012/1012/1012 1016/1016/1016
f 1018/1018/1018 1021/1021/1021 1017/1017/1017
f 1021/1021/1021 1018/1018/1018 1022/1022/1022
f 1019/1019/1019 1022/1022/1022 1018/1018/1018
f 1022/1022/1022 1019/1019/1019 1023/1023/1023
f 1020/1020/1020 1023/1023/1023 1019/1019/1019
f 1023/1023/1023 1020/1020/1020 1024/1024/1024
f 1022/1022/1022 1025/1025/1025 1021/1021/1021
f 1025/1025/1025 1022/1022/1022 1026/1026/1026
f 1023/1023/1023 1026/1026/1026 1022/1022/1022
f 1026/1026/1026 1023/1023/1023 1027/1027/1027
f 1024/1024/1024 1027/1027/1027 1023/1023/1023
f 1027/1027/1027 1024/1024/1024 1028/1028/1028
f 1026/1026/1026 1029/1029/1029 1025/1025/1025
f 1029/1029/1029 1026/1026/1026 1030/1030/1030
f 1027/1027/1027 1030/1030/1030 1026/1026/1026
f 1030/1030/1030 1027/1027/1027 1031/1031/1031
f 1028/1028/1028 1031/1031/1031 1027/1027/1027
f 1031/1031/1031 1028/1028/1028 1032/1032/1032
f 1037/1037/1037 1034/1034/1034 1033/1033/1033
f 1034/1034/1034 1037/1037/1037 1038/1038/1038
f 1038/1038/1038 1035/1035/1035 1034/1034/1034
f 1035/1035/1035 1038/1038/1038 1039/1039/1039
f 1039/1039/1039 1036/1036/1036 1035/1035/1035
f 1036/1036/1036 1039/1039/1039 1040/1040/1040
f 1041/1041/1041 1038/1038/1038 1037/1037/1037
f 1038/1038/1038 1041/1041/1041 1042/1042/1042
f 1042/1042/1042 1039/1039/1039 1038/1038/1038
f 1039/1039/1039 1042/1042/1042 1043/1043/1043
f 1043/1043/1043 1040/1040/1040 1039/1039/1039
f 1040/1040/1040 1043/1043/1043 1044/1044/1044
f 1045/1045/1045 1042/1042/1042 1041/1041/1041
f 1042/1042/1042 1045/1045/1045 1046/1046/1046
f 1046/1046/1046 1043/1043/1043 1042/1042/1042
f 1043/1043/1043 1046/1046/1046 1047/1047/1047
f 1047/1047/1047 1044/1044/1044 1043/1043/1043
f 1044/1044/1044 1047/1047/1047 1048/1048/1048
f 1053/1053/1053 1050/1050/1050 1049/1049/1049
f 1050/1050/1050 1053/1053/1053 1054/1054/1054
f 1054/1054/1054 1051/1051/1051 1050/1050/1050
f 1051/1051/1051 1054/1054/1054 1055/1055/1055
f 1055/1055/1055 1052/1052/1052 1051/1051/1051
f 1052/1052/1052 1055/1055/1055 1056/1056/1056
f 1057/1057/1057 1054/1054/1054 1053/1053/1053
f 1054/1054/1054 1057/1057/1057 1058/1058/1058
f 1058/1058/1058 1055/1055/1055 1054/1054/1054
f 1055/1055/1055 1058/1058/1058 1059/1059/1059
f 1059/1059/1059 1056/1056/1056 1055/1055/1055
f 1056/1056/1056 1059/1059/1059 1060/1060/1060
f 1061/1061/1061 1058/1058/1058 1057/1057/1057
f 1058/1058/1058 1061/1061/1061 1062/1062/1062
f 1062/1062/1062 1059/1059/1059 1058/1058/1058
f 1059/1059/1059 1062/1062/1062 1063/1063/1063
f 1063/1063/1063 1060/1060/1060 1059/1059/1059
f 1060/1060/1060 1063/1063/1063 1064/1064/1064
f 1066/1066/1066 1069/1069/1069 1065/1065/1065
f 1069/1069/1069 1066/1066/1066 1070/1070/1070
f 1067/1067/1067 1070/1070/1070 1066/1066/1066
f 1070/1070/1070 1067/1067/1067 1071/1071/1071
f 1068/1068/1068 1071/1071/1071 1067/1067/1067
f 1071/1071/1071 1068/1068/1068 1072/1072/1072
f 1070/1070/1070 1073/1073/1073 1069/1069/1069
f 1073/1073/1073 1070/1070/1070 1074/1074/1074
f 1071/1071/1071 1074/1074/1074 1070/1070/1070
f 1074/1074/1074 1071/1071/1071 1075/1075/1075
f 1072/1072/1072 1075/1075/1075 1071/1071/1071
f 1075/1075/1075 1072/1072/1072 1076/1076/1076
f 1074/1074/1074 1077/1077/1077 1073/1073/1073
f 1075/1075/1075 1078/1078/1078 1074/1074/1074
f 1076/1076/1076 1079/1079/1079 1075/1075/1075
f 1081/1081/1081 1084/1084/1084 1080/1080/1080
f 1084/1084/1084 1081/1081/1081 1085/1085/1085
f 1082/1082/1082 1085/1085/1085 1081/1081/1081
f 1085/1085/1085 1082/1082/1082 1086/1086/1086
f 1083/1083/1083 1086/1086/1086 1082/1082/1082
f 1086/1086/1086 1083/1083/1083 1087/1087/1087
f 1085/1085/1085 1088/1088/1088 1084/1084/1084
f 1088/1088/1088 1085/1085/1085 1089/1089/1089
f 1086/1086/1086 1089/1089/1089 1085/1085/1085
f 1089/1089/1089 1086/1086/1086 1090/1090/1090
f 1087/1087/1087 1090/1090/1090 1086/1086/1086
f 1090/1090/1090 1087/1087/1087 1091/1091/1091
f 1089/1089/1089 1092/1092/1092 1088/1088/1088
f 1090/1090/1090 1093/1093/1093 1089/1089/1089
f 1091/1091/1091 1094/1094/1094 1090/1090/1090
f 1099/1099/1099 1096/1096/1096 1095/1095/1095
f 1096/1096/1096 1099/1099/1099 1100/1100/1100
f 1100/1100/1100 1097/1097/1097 1096/1096/1096
f 1097/1097/1097 1100/1100/1100 1101/1101/1101
f 1101/1101/1101 1098/1098/1098 1097/1097/1097
f 1098/1098/1098 1101/1101/1101 1102/1102/1102
f 1103/1103/1103 1100/1100/1100 1099/1099/1099
f 1100/1100/1100 1103/1103/1103 1104/1104/1104
f 1104/1104/1104 1101/1101/1101 1100/1100/1100
f 1101/1101/1101 1104/1104/1104 1105/1105/1105
f 1105/1105/1105 1102/1102/1102 1101/1101/1101
f 1102/1102/1102 1105/1105/1105 1106/1106/1106
f 1103/1103/1103 1107/1107/1107 1104/1104/1104
f 1104/1104/1104 1108/1108/1108 1105/1105/1105
f 1105/1105/1105 1109/1109/1109 1106/1106/1106
f 1114/1114/1114 1111/1111/1111 1110/1110/1110
f 1111/1111/1111 1114/1114/1114 1115/1115/1115
f 1115/1115/1115 1112/1112/1112 1111/1111/1111
f 1112/1112/1112 1115/1115/1115 1116/1116/1116
f 1116/1116/1116 1113/1113/1113 1112/1112/1112
f 1113/1113/1113 1116/1116/1116 1117/1117/1117
f 1118/1118/1118 1115/1115/1115 1114/1114/1114
f 1115/1115/1115 1118/1118/1118 1119/1119/1119
f 1119/1119/1119 1116/1116/1116 1115/1115/1115
f 1116/1116/1116 1119/1119/1119 1120/1120/1120
f 1120/1120/1120 1117/1117/1117 1116/1116/1116
f 1117/1117/1117 1120/1120/1120 1121/1121/1121
f 1118/1118/1118 1122/1122/1122 1119/1119/1119
f 1119/1119/1119 1123/1123/1123 1120/1120/1120
f 1120/1120/1120 1124/1124/1124 1121/1121/1121
